defName,mod,label,layers,bodyPartGroups,tags,genCommonality,proposedZone,reviewFlag
VME_TackleBox,原版文化拓展-迷因与建筑,tackle box,Belt,Waist,VAEA_Utility_Industrial,,Zone_Accessory,
OARK_Apparel_GravShieldBelt,金鼠族 HSK版本,Obernoia Aurea Vacuum Shield Belt,Belt,Waist,OARatkin_Spaceport_AssaulterArmor|OARatkin_NavigateApparel,,Zone_Accessory,
OA_RK_Component_AA,金鼠族 HSK版本,Oberonia Aurea mineral detector,,,OARatkin_Belt,,Zone_Accessory,
OA_RK_Component_AB,金鼠族 HSK版本,Colony info exchange card,,,OARatkin_Belt,,Zone_Accessory,
OA_RK_Component_AC,金鼠族 HSK版本,Stasis factor recovery device,,,OARatkin_Belt,,Zone_Accessory,
OA_RK_Component_D,金鼠族 HSK版本,ECM device,,,OARatkin_Belt,,Zone_Accessory,
OA_RK_Component_E,金鼠族 HSK版本,Blitz combat smoke launcher,,,OARatkin_Belt,,Zone_Accessory,
OA_RK_Component_F,金鼠族 HSK版本,Oberonia Aurea traveler's Kit,,,OARatkin_Belt,,Zone_Accessory,
OA_RK_EMPBelt,金鼠族 HSK版本,Electromagnetic paralysis drop belt,,,,,Zone_Accessory,继承-已补判
OA_RK_FirstAid,金鼠族 HSK版本,life support first aid kit,,,,,Zone_Accessory,继承-已补判
OA_RK_LifeformDetect,金鼠族 HSK版本,lifeform detecter,,,,,Zone_Accessory,继承-已补判
OA_RK_New_Belt_A,金鼠族 HSK版本,EMP impact waistband,,,OARatkin_TechnicalBelt,,Zone_Accessory,继承-已补判
OA_RK_New_Belt_B,金鼠族 HSK版本,Oberonia Aurea Signal Belt,,,OARatkin_TechnicalBelt,,Zone_Accessory,继承-已补判
OA_RK_New_Component_A,金鼠族 HSK版本,Oberonia Aurea angle ruler,,,OARatkin_IndustrialBelt,,Zone_Accessory,继承-已补判
OA_RK_New_Component_B,金鼠族 HSK版本,Learning assistance facilities,,,OARatkin_Belt,,Zone_Accessory,
OA_RK_New_Component_C,金鼠族 HSK版本,Oberonia Aurea Far Walker Emergency Call Equipment,Belt,Waist,OARatkin_Belt,0,Zone_Accessory,
OA_RK_New_Component_D,金鼠族 HSK版本,Rotor flight tray,,,OARatkin_Belt,,Zone_Accessory,
JD_shield,鼠族HSK拓展,能量力盾,Belt,Torso|Neck|Shoulders|Arms|Legs,RK_HeavyArmor,,Zone_Accessory,
RK_HuanYuPei,鼠族HSK拓展,rim Yu-Pei,,Waist,,,Zone_Accessory,继承-已补判
RK_MedalHonor,鼠族HSK拓展,Ratkin Medal of Honor,Belt,Neck,RK_Ambassador|RK_3Tier|RK_Noble|RK_Worker,,Zone_Accessory,
RK_SA_InfantryUniform,鼠族HSK拓展,Syringa Infantry Uniform,OnSkin,Torso|Neck|Shoulders|Arms|Legs,RK_SA_Soldier,,Zone_Accessory,
RK_Sachet,鼠族HSK拓展,sachet,,Waist,,,Zone_Accessory,继承-已补判
RK_SafetyTether,鼠族HSK拓展,Ratkin Safety Tether,Belt,Hands,,1,Zone_Accessory,
RK_Scarf,鼠族HSK拓展,desert scarf,OuterClothing,Neck,RK_Apparel|RK_1Tier|RK_Thief|RK_Worker,,Zone_Accessory,
yiliaob,鼠族HSK拓展,鼠族医疗包,Belt,Torso,Royal|RoyalTier2|RoyalTier3|RoyalTier4|RoyalTier5|RoyalTier6|RoyalRobe|RK_Worker|RK_Ambassador|RK_Maid|RK_1Tier|RK_Thief,1,Zone_Accessory,
Miho_Apparel_Middle_Militia,美狐HSK拓展,미호 트루퍼 아머,Middle,Torso|Neck|Shoulders,MihoMilitia,,Zone_Armor,
Miho_Apparel_Middle_MilitiaMedic,美狐HSK拓展,미호 메딕 아머,Middle,Torso|Neck|Shoulders,MihoMedic,,Zone_Armor,
Miho_Apparel_Middle_MilitiaVest,美狐HSK拓展,미호 전술조끼,Middle,Torso,MihoMilitia,,Zone_Armor,
Miho_Apparel_Middle_Militia_Tan,美狐HSK拓展,미호 트루퍼 아머 (tan),Middle,Torso|Neck|Shoulders,MihoMilitia,,Zone_Armor,
Miho_Apparel_Middle_Powered,美狐HSK拓展,미호 외골격 중갑,Middle|Shell,Torso|Neck|Shoulders|Arms|Legs,MihoPMC,,Zone_Armor,
Miho_Apparel_Middle_PoweredMechanitor,美狐HSK拓展,미호 메카나이터 외골격,Middle|Shell,Torso|Neck|Shoulders|Arms|Legs,MihoMechanitor,,Zone_Armor,
Miho_Apparel_Middle_PoweredWorker,美狐HSK拓展,미호 안전 외골격,Shell,Torso|Neck|Shoulders|Arms|Legs,MihoWorker,,Zone_Armor,
Miho_Apparel_OnSkin_OrnatedNomadic,美狐HSK拓展,미호 엘텍스 의복 (북방),OnSkin|Middle,Shoulders|Arms|Torso|Legs,MihoRoyal|Royal,,Zone_Armor,
Miho_Apparel_OnSkin_Pariah,美狐HSK拓展,미호 퍼라이어 배틀 슈트,OnSkin|Middle,Torso|Neck|Shoulders|Arms|Legs,MihoPMC,,Zone_Armor,
Miho_Apparel_Shell_PMC,美狐HSK拓展,미호 군용 코트,Shell,Torso|Shoulders|Arms,MihoMilitia,0.15,Zone_Armor,
Miho_Apparel_Shell_Padding,美狐HSK拓展,미호 패딩,Shell,Torso|Shoulders|Arms|Legs,MihoCommon,0.15,Zone_Armor,
Miho_Apparel_Shell_Sorceress,美狐HSK拓展,미호 소서리스 망토,Shell,Torso|Neck|Shoulders|Arms|Legs,MihoRoyal|Royal,,Zone_Armor,
Miho_Apparel_Shell_Winter,美狐HSK拓展,미호 겨울 판초,Shell,Torso|Shoulders|Arms,MihoCommon,0.15,Zone_Armor,
OA_RK_New_Sandwich_A,金鼠族 HSK版本,Oberonia Aurea Industrial Vest,Middle,Torso,OARatkin_IndustrialApparel,,Zone_Armor,
OA_RK_New_Sandwich_B,金鼠族 HSK版本,Oberonia Aurea Technical Crew Satchel,Middle,Torso,OARatkin_NavigateApparel,,Zone_Armor,
OA_RK_New_Windbreaker_A,金鼠族 HSK版本,Oberonia Aurea Cloak,Shell,Torso|Neck|Shoulders|Arms|Legs,OARatkin_Noble_Tier1,,Zone_Armor,
OA_RK_New_Windbreaker_AA,金鼠族 HSK版本,Oberonia Aurea Birthday Ceremonial Robe,Shell,Torso|Neck|Shoulders|Arms|Legs,OARatkin_Noble_Tier1|OARatkin_Noble_Tier2|RoyalTier6|RoyalTier7|RoyalTier8,,Zone_Armor,
OA_RK_New_Windbreaker_B,金鼠族 HSK版本,Oberonia Aurea Mountain Windbreaker,Shell,Torso|Neck|Shoulders|Arms|Legs|Feet,OARatkin_TravellerApparel,,Zone_Armor,
OA_RK_New_Windbreaker_C,金鼠族 HSK版本,Oberonia Aurea Multifunctional Coat,Shell,Torso|Neck|Shoulders|Arms|Legs,OARatkin_TechnicalApparel|OARatkin_IndustrialApparel|OARatkin_NavigateApparel,,Zone_Armor,
OA_RK_New_Windbreaker_D,金鼠族 HSK版本,Oberonia Aurea Technical Officer Coat,Shell,Torso|Neck|Shoulders|Arms|Legs,OARatkin_TechnicalApparel,,Zone_Armor,
OA_RK_New_Windbreaker_E,金鼠族 HSK版本,Assault Combat Skirt Armor,Shell,Torso|Neck|Shoulders|Arms|Legs|Feet,,,Zone_Armor,
OA_RK_New_Windbreaker_FangzhiBUGdehouzhui,金鼠族 HSK版本,Heavy assault armor B,Middle|Shell,Torso|Neck|Shoulders|Arms|Legs|Hands|Feet,,,Zone_Armor,
OA_RK_New_Windbreaker_FangzhiBUGdehouzhui_ACC,金鼠族 HSK版本,Heavy assault armor,Middle|Shell,Torso|Neck|Shoulders|Arms|Legs|Hands|Feet,,,Zone_Armor,
OA_RK_New_Windbreaker_G,金鼠族 HSK版本,Full protective assault armor,Middle|Shell,Torso|Neck|Shoulders|Arms|Legs|Hands|Feet,,,Zone_Armor,
OA_RK_Sandwich_A,金鼠族 HSK版本,Oberonia Aurea ribbon,Middle,Torso,OARatkin_IndustrialApparel|OARatkin_TechnicalApparel|OARatkin_CourtApparel|OARatkin_Noble_Tier1|OARatkin_NavigateApparel,,Zone_Armor,
OA_RK_Sandwich_B,金鼠族 HSK版本,Oberonia Aurea honor ribbon,Middle,Torso,OARatkin_Noble_Tier1|OARatkin_Noble_Tier2|RoyalTier6|RoyalTier7|RoyalTier8,,Zone_Armor,
OA_RK_Sandwich_C,金鼠族 HSK版本,Shockproof vest,Middle,Torso|Neck|Shoulders,OARatkin_AssaulterArmor|OARatkin_Spaceport_AssaulterArmor,,Zone_Armor,
OA_RK_Windbreaker_D,金鼠族 HSK版本,Oberonia Aurea shawl,Shell,Torso|Neck|Shoulders|Arms|Legs,OARatkin_Noble_Tier1,,Zone_Armor,
OA_RK_Windbreaker_E,金鼠族 HSK版本,Oberonia Aurea winter shawl,Shell,Torso|Neck|Shoulders|Arms|Legs,OARatkin_Noble_Tier1|RoyalTier6|RoyalTier7,,Zone_Armor,
OA_RK_Windbreaker_F,金鼠族 HSK版本,Oberonia Aurea winter robe,Shell,Torso|Neck|Shoulders|Arms|Legs,OARatkin_CourtApparel|OARatkin_Noble_Tier1|RoyalTier6|RoyalTier7,,Zone_Armor,
OA_RK_Windbreaker_G,金鼠族 HSK版本,Oberonia Aurea ceremonial robe,Shell,Torso|Neck|Shoulders|Arms|Legs,OARatkin_Noble_Tier2|RoyalTier6|RoyalTier7|RoyalTier8,,Zone_Armor,
Crusaders,鼠族HSK拓展,十字军护甲,Shell|OnSkin|Middle,Torso|Neck|Shoulders|Arms|Legs,Royal|RoyalTier2|RoyalTier3|RoyalTier4|RoyalTier5|RoyalTier6|RoyalRobe|RK_Worker|RK_Ambassador|RK_Maid|RK_1Tier|RK_Thief,1,Zone_Armor,
MKSW,鼠族HSK拓展,麦克斯韦MK空地装甲（内甲）,OnSkin|Middle,Torso|Neck|Shoulders|Arms|Legs|Hands|Feet,Royal|RoyalTier2|RoyalTier3|RoyalTier4|RoyalTier5|RoyalTier6|RoyalRobe|RK_Maid|RK_1Tier|RK_Thief,1,Zone_Armor,
MKSWWJ,鼠族HSK拓展,麦克斯韦MK空地装甲（外甲）,Shell,Torso|Neck|Shoulders|Arms|Legs|Hands|Feet,Royal|RoyalTier2|RoyalTier3|RoyalTier4|RoyalTier5|RoyalTier6|RoyalRobe|RK_Maid|RK_1Tier|RK_Thief,1,Zone_Armor,
RA_PaladinArmor,鼠族HSK拓展,paladin armor,OnSkin|Middle|Shell|OuterClothing,Torso|Neck|Shoulders|Arms|Legs,RK_Melee|RK_Knight|RK_3Tier|RK_KnightCommander|RK_HeavyArmor|RoyalCombatGear,,Zone_Armor,
RKHSK_Favonius_HeavySkirt,鼠族HSK拓展,西风重裙,Middle,Legs,MedievalMilitary|MedievalArmorBasic,,Zone_Armor,
RKHSK_Favonius_OfficerArmour,鼠族HSK拓展,西风军官板甲,Shell,Torso|Shoulders|Arms|Legs|Feet,MedievalMilitary|MedievalArmorDecent|Royal,,Zone_Armor,
RKHSK_Favonius_PlateArmour,鼠族HSK拓展,西风骑士板甲,Shell,Torso|Shoulders|Arms|Legs|Feet,MedievalMilitary|MedievalArmorDecent,,Zone_Armor,
RK_BuMianJia,鼠族HSK拓展,ratkin BuMian armor,Middle|Shell,Torso|Neck|Shoulders|Arms|Legs,RK_ExoticTier3|RK_ExoticSoldier|RK_ExoticHeavyArmor|RoyalCombatGear,,Zone_Armor,
RK_Crusader,鼠族HSK拓展,ratkin crusader dress,Middle,Torso|Neck|Shoulders|Arms|Legs,RK_Melee|RK_Knight|RK_2Tier|RK_3Tier|RK_KnightCommander|RK_HeavyArmor|RoyalCombatGear,,Zone_Armor,
RK_DaWang,鼠族HSK拓展,「Ratkin King's Armor」,OnSkin|Middle|Shell,Torso|Neck|Shoulders|Arms|Legs,,,Zone_Armor,
RK_DaoPao,鼠族HSK拓展,Dao frock,OnSkin|Middle,Torso|Neck|Shoulders|Arms|Legs,RK_ExoticNoble|RK_ExoticTier3|RoyalTier2,,Zone_Armor,
RK_DouMaru,鼠族HSK拓展,SenGiTai DouMaru armor,Middle,Torso|Neck|Shoulders|Arms|Legs,RK_SenGiTaiArmor|RoyalCombatGear,,Zone_Armor,
RK_DuDouChild,鼠族HSK拓展,ratkin child bellyband,OnSkin|Middle,Torso|Shoulders|Arms|Legs,RK_ExoticWorker|RK_ExoticFarmer|RK_ExoticTier1|RK_ExoticTier2|RK_ExoticTier3|RK_ExoticChild|RoyalTier2|RoyalTier5,,Zone_Armor,
RK_DuiJinJia,鼠族HSK拓展,ratkin DuiJin armor,OnSkin|Middle,Torso|Neck|Shoulders|Arms|Legs,RK_ExoticTier3|RK_ExoticSoldier|RK_ExoticHeavyArmor|RoyalCombatGear,,Zone_Armor,
RK_ExoticSimpleArmor,鼠族HSK拓展,Moustate simple armor,Middle,Torso|Neck|Shoulders|Arms|Legs,RK_ExoticMilitia|RK_ExoticLightArmor|RoyalCombatGear,,Zone_Armor,
RK_FangRen,鼠族HSK拓展,defender uniform,OnSkin|Middle,Torso|Neck|Shoulders|Arms|Legs,RK_ExoticTier2|RK_ExoticDefender|RK_ExoticSoldier|RK_ExoticLightArmor|RoyalCombatGear,,Zone_Armor,
RK_Gambeson,鼠族HSK拓展,ratkin gambeson,Middle,Torso|Neck|Shoulders|Arms|Legs,RK_Melee|RK_Knight|RK_2Tier|RK_KnightCommander|RK_HeavyArmor|RoyalCombatGear,,Zone_Armor,
RK_GambesonB,鼠族HSK拓展,ratkin gambeson b,Middle,Torso|Neck|Shoulders|Arms|Legs,RK_Melee|RK_Knight|RK_2Tier|RK_KnightCommander|RK_HeavyArmor|RoyalCombatGear,,Zone_Armor,
RK_GovernorUniform,鼠族HSK拓展,Ratkin Governor Uniform,OnSkin|Middle,Torso|Neck|Shoulders|Arms|Legs|Hands|Feet,RK_Ambassador|RK_3Tier|RK_Noble|RK_Worker,,Zone_Armor,
RK_GuardUniform,鼠族HSK拓展,Ratkin Guard Uniform,OnSkin|Middle,Torso|Neck|Shoulders|Arms|Legs|Hands|Feet,,,Zone_Armor,
RK_Gusoku,鼠族HSK拓展,ratkin Gusoku armor,Middle|Shell,Torso|Neck|Shoulders|Arms|Legs,RK_ExoticDefender|RK_ExoticSoldier|RK_ExoticHeavyArmor|RoyalCombatGear,,Zone_Armor,
RK_IR_CuirassierArmor,鼠族HSK拓展,Iris Cuirassier Armor,Middle,Torso|Neck|Shoulders,RK_IR_Cavalry,,Zone_Armor,
RK_KB_Sappenpanzer,鼠族HSK拓展,White Rose Dayfield Body Shield,Middle,Torso|Neck|Shoulders,RK_KB_Soldier|RK_KB_Cavalry,,Zone_Armor,
RK_KO_KnightArmor,鼠族HSK拓展,Order State Knight Armor,Middle,Torso|Neck|Shoulders,,,Zone_Armor,
RK_LogistorUniform,鼠族HSK拓展,logistor uniform,OnSkin|Middle,Torso|Neck|Shoulders|Arms|Legs,RK_Logistor|RoyalTier3,,Zone_Armor,
RK_ManGear,鼠族HSK拓展,ratkin Manatwar gear,Middle,Arms,RK_ExoticRanger|RK_ExoticTier2|RoyalCombatGear,,Zone_Armor,
RK_OuterPlate,鼠族HSK拓展,ratkin outer plate,Shell,Torso|Neck|Shoulders|Arms|Legs,RK_Melee|RK_Knight|RK_Noble|RK_3Tier|Royal|RoyalTier6|RoyalTier7|RK_Ambassador|RK_KnightCommander|RK_HeavyArmor|RoyalCombatGear,,Zone_Armor,
RK_Pipao,鼠族HSK拓展,Moustate robe (Pipao),Shell,Torso|Neck|Shoulders|Arms|Legs,RK_ExoticTier2|RoyalTier5,,Zone_Armor,
RK_Rainproof,鼠族HSK拓展,Ratkin Rainproof,Shell,Torso|Neck|Shoulders,RK_Ambassador|RK_3Tier|RK_Noble|RK_Worker,,Zone_Armor,
RK_RegistrarUniform,鼠族HSK拓展,registrar uniform,OnSkin|Middle,Torso|Neck|Shoulders|Arms|Legs,RK_ExoticTier3|RK_ExoticRegistrar|RK_ExoticBanditBoss|RoyalCombatGear|RoyalTier3|RoyalTier5,,Zone_Armor,
RK_Sleeves,鼠族HSK拓展,detached sleeves,Shell,Torso|Neck|Shoulders|Arms,RK_Apparel|RK_1Tier|RK_Worker|RK_Thief|RoyalTier2,,Zone_Armor,
RK_TraderAttire,鼠族HSK拓展,exotic trader attire,OnSkin|Middle,Torso|Neck|Shoulders|Arms|Legs,RK_ExoticNoble|RK_ExoticTier3|RoyalTier2|RoyalTier5,,Zone_Armor,
RK_Vest,鼠族HSK拓展,ratkin utility vest,Shell,Torso|Neck|Shoulders|Arms|Legs,RK_Apparel|RK_Ambassador|RK_Gaurdener|RK_Noble|RK_2Tier|RoyalTier5,,Zone_Armor,
RK_WorkApron,鼠族HSK拓展,Ratkin Work Apron,Middle,Torso|Neck|Shoulders|Arms|Legs,RK_2Tier|RK_Worker|Royal|RoyalTier2|RoyalTier5,,Zone_Armor,
RK_XiongJia,鼠族HSK拓展,Ratkin Breastplate,Middle,Torso|Neck|Shoulders,RK_Melee|RK_Knight|RK_2Tier|RK_KnightCommander|RK_HeavyArmor|RoyalCombatGear,,Zone_Armor,
RK_ZongShi,鼠族HSK拓展,「Ratkin Long Gown of Master」,OnSkin|Middle|Shell,Torso|Neck|Shoulders|Arms|Legs,,,Zone_Armor,
fengyewaitao,鼠族HSK拓展,枫叶毛绒保暖小西服,Shell,Torso|Neck|Shoulders|Arms,Royal|RoyalTier2|RoyalTier3|RoyalTier4|RoyalTier5|RoyalTier6|RoyalRobe|RK_Worker|RK_Ambassador|RK_Maid|RK_1Tier|RK_Thief,1,Zone_Armor,
gelusi,鼠族HSK拓展,格鲁斯之铠,Middle,Torso|Neck|Shoulders|Arms|Legs,Royal|RoyalTier2|RoyalTier3|RoyalTier4|RoyalTier5|RoyalTier6|RoyalRobe|RK_Worker|RK_Ambassador|RK_Maid|RK_1Tier|RK_Thief,1,Zone_Armor,
hjzj,鼠族HSK拓展,纳米合金战甲（内甲）,OnSkin|Middle,Torso|Neck|Shoulders|Arms|Legs|Hands|Feet,Royal|RoyalTier2|RoyalTier3|RoyalTier4|RoyalTier5|RoyalTier6|RoyalRobe|RK_Maid|RK_1Tier|RK_Thief,1,Zone_Armor,
hjzjwj,鼠族HSK拓展,纳米合金战甲（外甲）,Shell,Torso|Neck|Shoulders|Arms|Legs|Hands|Feet,Royal|RoyalTier2|RoyalTier3|RoyalTier4|RoyalTier5|RoyalTier6|RoyalRobe|RK_Maid|RK_1Tier|RK_Thief,1,Zone_Armor,
kydc,鼠族HSK拓展,矿业调查动力服,OnSkin|Middle|Shell,Torso|Neck|Shoulders|Arms|Legs|Hands|Feet,RK_Worker|RK_Servant|RK_Maid|RK_1Tier|RK_Thief,1,Zone_Armor,
xqzzj,鼠族HSK拓展,先驱者战甲,OnSkin|Middle,Torso|Neck|Shoulders|Arms|Legs|Hands|Feet,Royal|RoyalTier2|RoyalTier3|RoyalTier4|RoyalTier5|RoyalTier6|RoyalRobe|RK_Maid|RK_1Tier|RK_Thief,1,Zone_Armor,
RK_BuDong,鼠族HSK拓展,「Bu Dong」,OnSkin|Middle|Shell|Belt|BackPack,Torso|Neck|Shoulders|Arms|Legs,RK_ExoticImmortal|RK_ApparelTag_HideEar,,Zone_Back,
RK_JiuHulu,鼠族HSK拓展,ratkin booze gourd,BackPack,Shoulders,RK_ExoticBerserker,,Zone_Back,
RK_Kuabao,鼠族HSK拓展,Ratkin Shoulder bag,BackPack,Shoulders,RK_Santa,,Zone_Back,
RK_MRgunner,鼠族HSK拓展,ratkin heavy gunner ammunition bag,Middle,Arms,RK_ExoticGunner|RoyalCombatGear,,Zone_Back,
RK_SashiMono,鼠族HSK拓展,ratkin Sashi Mono,BackPack,Shoulders,RK_ExoticMiliSign|RoyalCombatGear,,Zone_Back,
RK_YaoBao,鼠族HSK拓展,Ratkin Bumbag,BackPack,Shoulders,RK_Santa,,Zone_Back,
tybb,鼠族HSK拓展,大容量跳跃背包,kuabao,Torso|Shoulders,Royal,1,Zone_Back,
xiaokb,鼠族HSK拓展,皮革斜挎包,kuabao,Torso|Shoulders,Royal|RoyalTier2|RoyalTier3|RoyalTier4|RoyalTier5|RoyalTier6|RoyalRobe|RK_Worker|RK_Ambassador|RK_Maid|RK_1Tier|RK_Thief,1,Zone_Back,
zsyg,鼠族HSK拓展,腰挂包,yaodai,Torso,Royal|RoyalTier2|RoyalTier3|RoyalTier4|RoyalTier5|RoyalTier6|RoyalRobe|RK_Worker|RK_Ambassador|RK_Maid|RK_1Tier|RK_Thief,1,Zone_Back,
Miho_Apparel_OnSkin_Maid,美狐HSK拓展,미호 프렌치 메이드복,OnSkin,Torso|Shoulders|Arms|Legs,MihoMaid,,Zone_Base,
Miho_Apparel_OnSkin_Militia,美狐HSK拓展,미호 시큐리티 슈트,OnSkin,Torso|Shoulders|Arms|Legs,MihoMilitia,,Zone_Base,
Miho_Apparel_OnSkin_OrnatedMiho,美狐HSK拓展,미호 엘텍스 의복 (내조),OnSkin,Shoulders|Arms|Torso|Legs,MihoRoyal|Royal,,Zone_Base,
Miho_Apparel_OnSkin_OrnatedOne,美狐HSK拓展,미호 엘텍스 의복 (엔트로피 저장고),OnSkin,Shoulders|Arms|Torso|Legs,MihoRoyal|Royal,,Zone_Base,
Miho_Apparel_OnSkin_OrnatedTwo,美狐HSK拓展,미호 엘텍스 의복 (아케인 실드),OnSkin,Shoulders|Arms|Torso|Legs,MihoRoyal|Royal,,Zone_Base,
Miho_Apparel_OnSkin_PMC,美狐HSK拓展,미호 트루퍼 슈트,OnSkin,Torso|Shoulders|Arms|Legs,MihoPMC,,Zone_Base,
Miho_Apparel_OnSkin_Regular,美狐HSK拓展,미호 표준 정장,OnSkin,Torso|Shoulders|Arms|Legs,MihoCommonNecessary,,Zone_Base,
Miho_Apparel_OnSkin_Shirt,美狐HSK拓展,미호 셔츠,OnSkin,Torso|Shoulders|Arms|Legs,MihoCommonNecessary|MihoMilitia,,Zone_Base,
Miho_Apparel_OnSkin_Simple,美狐HSK拓展,미호 평상복,OnSkin,Torso|Shoulders|Arms|Legs,MihoCommonNecessary,,Zone_Base,
OA_RK_Apparel_A,金鼠族 HSK版本,Oberonia Aurea one-piece dress,OnSkin,Torso|Shoulders|Neck|Arms|Legs,OARatkin_CourtApparel,,Zone_Base,
OA_RK_Apparel_B,金鼠族 HSK版本,Oberonia Aurea short skirt,OnSkin,Torso|Shoulders|Neck|Arms|Legs,,,Zone_Base,
OA_RK_Apparel_C,金鼠族 HSK版本,Oberonia Aurea classic long dress,OnSkin,Torso|Shoulders|Neck|Arms|Legs,OARatkin_Noble_Tier1|OARatkin_CourtApparel|RoyalTier6|RoyalTier7,,Zone_Base,
OA_RK_Apparel_D,金鼠族 HSK版本,Oberonia Aurea iris dress,OnSkin,Torso|Shoulders|Neck|Arms|Legs,OARatkin_Noble_Tier1|RoyalTier6|RoyalTier7,,Zone_Base,
OA_RK_Apparel_E,金鼠族 HSK版本,Oberonia Aurea snow dress,OnSkin,Torso|Shoulders|Neck|Arms|Legs,OARatkin_Noble_Tier1|OARatkin_TravellerApparel,,Zone_Base,
OA_RK_Apparel_F,金鼠族 HSK版本,Oberonia Aurea shawl dress,OnSkin,Torso|Shoulders|Neck|Arms|Legs,OARatkin_Noble_Tier1,,Zone_Base,
OA_RK_Belt,金鼠族 HSK版本,Multifunctional utility belt,,Torso,OA_RK_Belt,,Zone_Base,
OA_RK_BlitzBelt,金鼠族 HSK版本,Blitz combat belt,,Torso,OARatkin_AssaulterArmor,,Zone_Base,
OA_RK_Middle,金鼠族 HSK版本,Blitz combat ballistic plate,OARatkin_Middle_Layer,Torso,OARatkin_AssaulterArmor,,Zone_Base,
OA_RK_New_Apparel_A,金鼠族 HSK版本,Oberonia Aurea Duplex Dress,OnSkin,Torso|Shoulders|Neck|Arms|Legs,,,Zone_Base,
OA_RK_New_Apparel_B,金鼠族 HSK版本,Oberonia Aurea Classic Robe,OnSkin,Torso|Shoulders|Neck|Arms|Legs,OARatkin_CourtApparel,,Zone_Base,
OA_RK_New_Apparel_C,金鼠族 HSK版本,Oberonia Aurea thick robe,OnSkin,Torso|Shoulders|Neck|Arms|Legs,OARatkin_CourtApparel,,Zone_Base,
OA_RK_New_Apparel_D,金鼠族 HSK版本,Golden iris orchid patterned robe,OnSkin,Torso|Shoulders|Neck|Arms|Legs,,,Zone_Base,
OA_RK_New_Apparel_E,金鼠族 HSK版本,Obernoia Aurea Birthday Ceremonial Dress,OnSkin,Torso|Shoulders|Neck|Arms|Legs,OARatkin_Noble_Tier1|OARatkin_Noble_Tier2|RoyalTier6|RoyalTier7|RoyalTier8,,Zone_Base,
OA_RK_New_Professional_Uniforms_A,金鼠族 HSK版本,Oberonia Aurea Industrial Uniform,OnSkin,Torso|Shoulders|Neck|Arms|Legs|Feet,OARatkin_IndustrialApparel,,Zone_Base,
OA_RK_New_Professional_Uniforms_B,金鼠族 HSK版本,Oberonia Aurea Technical Uniform,OnSkin,Torso|Shoulders|Neck|Arms|Legs|Feet,OARatkin_TechnicalApparel,,Zone_Base,
OA_RK_New_Professional_Uniforms_C,金鼠族 HSK版本,Oberonia Aurea Technical Officer Uniform,OnSkin,Torso|Shoulders|Neck|Arms|Legs|Feet,OARatkin_TechnicalApparel_Officer,,Zone_Base,
OA_RK_New_Professional_Uniforms_D,金鼠族 HSK版本,Oberonia Aurea Service Crew Uniform,OnSkin,Torso|Shoulders|Neck|Arms|Legs|Hands|Feet,OARatkin_NavigateApparel,,Zone_Base,
OA_RK_New_Professional_Uniforms_E,金鼠族 HSK版本,Oberonia Aurea Technical Crew Uniform,OnSkin,Torso|Shoulders|Neck|Arms|Legs|Hands|Feet,OARatkin_NavigateApparel,,Zone_Base,
OA_RK_Professional_Uniforms_A,金鼠族 HSK版本,Oberonia Aurea self-cleaning dress,OnSkin,Torso|Shoulders|Neck|Arms|Legs,OARatkin_ProfessionalUniform,,Zone_Base,
OA_RK_Professional_Uniforms_B,金鼠族 HSK版本,Oberonia Aurea ceremonial dress,OnSkin,Torso|Shoulders|Neck|Arms|Legs,OARatkin_Noble_Tier2|RoyalTier6|RoyalTier7|RoyalTier8,,Zone_Base,
OA_RK_Professional_Uniforms_C,金鼠族 HSK版本,Oberonia Aurea court suit,OnSkin,Torso|Shoulders|Neck|Arms|Legs|Feet,,,Zone_Base,
OA_RK_Professional_Uniforms_D,金鼠族 HSK版本,Blitz combat uniform,OnSkin,Torso|Shoulders|Neck|Arms|Legs|Hands|Feet,OARatkin_AssaulterArmor|OARatkin_Spaceport_AssaulterArmor,,Zone_Base,
OA_RK_Professional_Uniforms_E,金鼠族 HSK版本,Oberonia Aurea research garb,OnSkin,Torso|Shoulders|Neck|Arms|Legs,,,Zone_Base,
OA_RK_Traveller_A,金鼠族 HSK版本,Oberonia Aurea traveling robe,OnSkin,Torso|Shoulders|Neck|Arms|Legs,OARatkin_TravellerApparel,,Zone_Base,
OA_RK_Traveller_B,金鼠族 HSK版本,Oberonia Aurea snow coat,OnSkin,Torso|Shoulders|Neck|Arms|Legs,OARatkin_TravellerApparel,,Zone_Base,继承-已补判
RA_DetectiveDress,鼠族HSK拓展,ratkin detective dress,OnSkin,Torso|Shoulders|Arms|Legs,RK_Apparel|RK_2Tier|RK_Doctor|RK_Ambassador|RoyalTier2,,Zone_Base,
RK_AF_InfantryUniform,鼠族HSK拓展,Albizia Infantry Uniform,OnSkin,Torso|Neck|Shoulders|Arms|Legs,RK_AF_Soldier,,Zone_Base,
RK_BiaoShiFu,鼠族HSK拓展,Moustate couriers uniform,OnSkin,Torso|Neck|Shoulders|Arms|Legs,RK_ExoticTier2|RK_ExoticMilitia|RK_ExoticSoldierLeader|RK_ExoticSoldier|RK_ExoticDefender|RK_ExoticLightArmor|RoyalCombatGear,,Zone_Base,
RK_EU_Hechtgrau,鼠族HSK拓展,Edelweiss Hechtgrau,OnSkin,Torso|Neck|Shoulders|Arms|Legs,RK_EU_Soldier,,Zone_Base,
RK_ExoticFarmerDress,鼠族HSK拓展,Moustate farmer dress,,,,,Zone_Base,继承-已补判
RK_GangShirt,鼠族HSK拓展,ratkin gang outfit,OnSkin,Torso|Shoulders|Arms|Legs,RK_JiraiApparel|RK_GangApparel,,Zone_Base,
RK_GuardsmanA,鼠族HSK拓展,ratkin defender uniform A,OnSkin,Torso|Neck|Shoulders|Arms|Legs,RK_Melee|RK_Knight|RK_2Tier|RK_KnightCommander|RK_HeavyArmor|RoyalCombatGear,,Zone_Base,
RK_GuardsmanB,鼠族HSK拓展,ratkin defender uniform B,OnSkin,Torso|Neck|Shoulders|Arms|Legs,RK_Melee|RK_Knight|RK_2Tier|RK_KnightCommander|RK_HeavyArmor|RoyalCombatGear,,Zone_Base,
RK_HeChang,鼠族HSK拓展,ratkin HeChang,OnSkin,Torso|Neck|Shoulders|Arms|Legs,RK_ExoticResearchers|RoyalTier2|RoyalTier5,,Zone_Base,
RK_Huafu,鼠族HSK拓展,ratkin HuaFu,OnSkin,Torso|Neck|Shoulders|Arms|Legs,RK_ExoticNoble|RK_ExoticTier3|RoyalTier2|RoyalTier5,,Zone_Base,
RK_IR_InfantryUniform,鼠族HSK拓展,Iris Infantry Uniform,OnSkin,Torso|Neck|Shoulders|Arms|Legs,RK_IR_Soldier,,Zone_Base,
RK_Jirai,鼠族HSK拓展,ratkin jirai outfit,OnSkin,Torso|Shoulders|Arms|Legs,RK_JiraiApparel|RK_JiraiPlayer,,Zone_Base,
RK_KB_InfantryUniform,鼠族HSK拓展,Kornblume Bluse,OnSkin,Torso|Neck|Shoulders|Arms|Legs,RK_KB_Soldier,,Zone_Base,
RK_KO_KnightUniform,鼠族HSK拓展,Order State Knight Uniform,OnSkin,Torso|Neck|Shoulders|Arms|Legs,,,Zone_Base,
RK_KP_InfantryUniform,鼠族HSK拓展,Klaproos Infantry Uniform,OnSkin,Torso|Neck|Shoulders|Arms|Legs,RK_KP_Soldier,,Zone_Base,
RK_LR_InfantryUniform,鼠族HSK拓展,Lavender Infantry Uniform,OnSkin,Torso|Neck|Shoulders|Arms|Legs,RK_LR_Soldier,,Zone_Base,
RK_LS_InfantryUniform,鼠族HSK拓展,Lale Infantry Uniform,OnSkin,Torso|Neck|Shoulders|Arms|Legs,RK_LS_Soldier,,Zone_Base,
RK_MR_InfantryUniform,鼠族HSK拓展,Multiflora Rose Infantry Uniform,OnSkin,Torso|Neck|Shoulders|Arms|Legs,RK_MR_Soldier,,Zone_Base,
RK_MaidA,鼠族HSK拓展,Ratkin Service Maid Outfit,OnSkin,Torso|Neck|Shoulders|Arms|Legs,RK_Ambassador|RK_3Tier|RK_Noble|RK_Worker|Royal|RoyalTier2|RoyalTier5,,Zone_Base,
RK_MaidB,鼠族HSK拓展,Ratkin Servant Maid Outfit,OnSkin,Torso|Neck|Shoulders|Arms|Legs,RK_Ambassador|RK_3Tier|RK_Noble|RK_Worker|Royal|RoyalTier2|RoyalTier5,,Zone_Base,
RK_ManatwarUniform,鼠族HSK拓展,Manatwar uniform,OnSkin,Torso|Neck|Shoulders|Arms|Legs,RK_ExoticTier3|RK_ExoticRanger|RK_ExoticLightArmor|RoyalCombatGear|RoyalTier3|RoyalTier5,,Zone_Base,
RK_MilUniform,鼠族HSK拓展,ratkin military uniform,OnSkin,Torso|Neck|Shoulders|Arms|Legs,RK_Knight|RK_2Tier|RK_Ambassador|RK_Soldier|RoyalCombatGear,,Zone_Base,
RK_NK_InfantryUniform,鼠族HSK拓展,Narcissus Infantry Uniform,OnSkin,Torso|Neck|Shoulders|Arms|Legs,RK_NK_Officer|RK_NK_Soldier,,Zone_Base,
RK_NR_InfantryUniform,鼠族HSK拓展,Moutan Infantry Uniform,OnSkin,Torso|Neck|Shoulders|Arms|Legs,RK_NR_Soldier,,Zone_Base,
RK_Officer,鼠族HSK拓展,ratkin officer uniform,OnSkin,Torso|Neck|Shoulders|Arms|Legs,RK_Noble|RK_3Tier|Royal|RoyalTier6|RoyalTier7,,Zone_Base,
RK_Oriental,鼠族HSK拓展,ratkin oriental dress,OnSkin,Torso|Neck|Shoulders|Arms|Legs,RK_Gaurdener|RK_2Tier|RK_Combatant|RK_Knight|RK_KnightCommander|RK_LightArmor|RK_HeavyArmor|RoyalCombatGear,,Zone_Base,
RK_PK_InfantryUniform,鼠族HSK拓展,Paeonia Infantry Uniform,OnSkin,Torso|Neck|Shoulders|Arms|Legs,RK_PK_Soldier,,Zone_Base,
RK_PunkOutfit,鼠族HSK拓展,ratkin punker outfit,OnSkin,Neck|Torso|Shoulders|Arms|Legs,RK_JiraiApparel|RK_GangApparel,,Zone_Base,
RK_RR_InfantryUniform,鼠族HSK拓展,Red Rose Infantry Uniform,OnSkin,Torso|Neck|Shoulders|Arms|Legs,RK_RR_Soldier,,Zone_Base,
RK_Rifleman,鼠族HSK拓展,ratkin infantry uniform,OnSkin,Torso|Neck|Shoulders|Arms|Legs,RK_Knight|RK_2Tier|RK_Ambassador|RK_Soldier|RoyalCombatGear,,Zone_Base,
RK_Ruqun,鼠族HSK拓展,ratkin Ruqun,OnSkin,Torso|Shoulders|Arms|Legs,RK_ExoticMilitia|RK_ExoticWorker|RK_ExoticFarmer|RK_ExoticTier1|RK_ExoticTier1_OnSkin,,Zone_Base,
RK_SD_Gimnastyorka,鼠族HSK拓展,Snowdrop Gimnastyorka,OnSkin,Torso|Neck|Shoulders|Arms|Legs,RK_SD_Soldier,,Zone_Base,
RK_SenGiTai,鼠族HSK拓展,SenGiTai attire,OnSkin,Torso|Neck|Shoulders|Arms|Legs,RK_SenGiTai|RoyalCombatGear,,Zone_Base,
RK_Suyi,鼠族HSK拓展,ratkin Suyi,OnSkin,Torso|Shoulders|Arms|Legs,RK_ExoticMilitia|RK_ExoticWorker|RK_ExoticFarmer|RK_ExoticTier1|RK_ExoticTier1_OnSkin,,Zone_Base,
RK_VK_InfantryUniform,鼠族HSK拓展,Violet Infantry Uniform,OnSkin,Torso|Neck|Shoulders|Arms|Legs,RK_VK_Soldier,,Zone_Base,
RK_WR_FieldUniform,鼠族HSK拓展,White Rose Field Uniform,OnSkin,Torso|Neck|Shoulders|Arms|Legs,RK_WR_Soldier,,Zone_Base,
RK_XiangMaClothing,鼠族HSK拓展,ratkin robber clothing,OnSkin,Torso|Neck|Shoulders|Arms|Legs,RK_ExoticBandit|RK_ExoticBanditBoss|RoyalCombatGear,,Zone_Base,
RK_YE_InfantryUniform,鼠族HSK拓展,Yaezakura Infantry Uniform,OnSkin,Torso|Neck|Shoulders|Arms|Legs,RK_YE_Officer|RK_YE_Soldier,,Zone_Base,
RK_YiShang,鼠族HSK拓展,YiShang,OnSkin,Torso|Neck|Shoulders|Arms|Legs,RK_ExoticTier2|RK_ExoticMilitia|RK_ExoticSoldierLeader|RK_ExoticSoldier|RK_ExoticDefender|RK_ExoticLightArmor|RoyalCombatGear,,Zone_Base,
RK_ZhongShan,鼠族HSK拓展,ratkin Mao suit,OnSkin,Torso|Neck|Shoulders|Arms|Legs,RK_ExoticProgressive|RoyalTier2|RoyalTier5,,Zone_Base,
baonuanneiyi,鼠族HSK拓展,毛绒绒的保暖长衣,OnSkin,Torso|Neck|Shoulders|Arms,Royal|RoyalTier2|RoyalTier3|RoyalTier4|RoyalTier5|RoyalTier6|RoyalRobe|RK_Worker|RK_Ambassador|RK_Maid|RK_1Tier|RK_Thief,1,Zone_Base,
baonuanneiyi_Child,鼠族HSK拓展,儿童版毛绒绒长裙,OnSkin,Torso|Shoulders|Arms|Legs,Royal,,Zone_Base,
bjq,鼠族HSK拓展,古堡夫人长裙,OnSkin,Torso|Neck|Shoulders|Arms|Legs,Royal|RoyalTier2|RoyalTier3|RoyalTier4|RoyalTier5|RoyalTier6|RoyalRobe|RK_Worker|RK_Ambassador|RK_Maid|RK_1Tier|RK_Thief,1,Zone_Base,
fangdanjunfu,鼠族HSK拓展,骑士重装军服,OnSkin,Torso|Neck|Shoulders|Arms|Legs,Royal|RoyalTier2|RoyalTier3|RoyalTier4|RoyalTier5|RoyalTier6|RoyalRobe|RK_Worker|RK_Ambassador|RK_Maid|RK_1Tier|RK_Thief,1,Zone_Base,
fengye,鼠族HSK拓展,枫叶军服,OnSkin,Torso|Neck|Shoulders|Arms|Legs,Royal|RoyalTier2|RoyalTier3|RoyalTier4|RoyalTier5|RoyalTier6|RoyalRobe|RK_Worker|RK_Ambassador|RK_Maid|RK_1Tier|RK_Thief,1,Zone_Base,
junfu,鼠族HSK拓展,骑士军服,OnSkin,Torso|Neck|Shoulders|Arms|Legs,Royal|RoyalTier2|RoyalTier3|RoyalTier4|RoyalTier5|RoyalTier6|RoyalRobe|RK_Worker|RK_Ambassador|RK_Maid|RK_1Tier|RK_Thief,1,Zone_Base,
nwcq,鼠族HSK拓展,宫廷长裙,OnSkin,Torso|Neck|Shoulders|Arms|Legs|Hands|Feet,Royal|RoyalTier2|RoyalTier3|RoyalTier4|RoyalTier5|RoyalTier6|RoyalRobe|RK_Maid|RK_1Tier|RK_Thief,1,Zone_Base,
nwcqB,鼠族HSK拓展,宫廷长裙B款,OnSkin,Torso|Neck|Shoulders|Arms|Legs|Hands|Feet,Royal|RoyalTier2|RoyalTier3|RoyalTier4|RoyalTier5|RoyalTier6|RoyalRobe|RK_Maid|RK_1Tier|RK_Thief,1,Zone_Base,
xinpian,鼠族HSK拓展,融合护盾芯片,xinpianA,Torso,Royal|RoyalTier2|RoyalTier3|RoyalTier4|RoyalTier5|RoyalTier6|RoyalRobe|RK_Maid|RK_1Tier|RK_Thief,1,Zone_Base,
OAGene_SnowstormCloak,金鼠族 HSK版本,Rat Clan Wind and Snow Cloak,Shell,Torso|Neck|Shoulders|Arms|Legs,OA_RK_Fengxue|RoyalTier2|RoyalTier5,0,Zone_Coat,
OA_RK_Windbreaker_A,金鼠族 HSK版本,Oberonia Aurea long trench coat,Shell,Torso|Neck|Shoulders|Arms|Legs,OARatkin_TravellerApparel|OARatkin_CourtApparel|OARatkin_Noble_Tier1,,Zone_Coat,
OA_RK_Windbreaker_B,金鼠族 HSK版本,Blizt combat trench coat,Shell,Torso|Neck|Shoulders|Arms|Legs|Feet,OARatkin_AssaulterArmor|OARatkin_Spaceport_AssaulterArmor,,Zone_Coat,
OA_RK_Windbreaker_C,金鼠族 HSK版本,Oberonia Aurea court trench coat,Shell,Torso|Neck|Shoulders|Arms|Legs,OARatkin_NavigateApparel|OARatkin_IndustrialApparel|OARatkin_TechnicalApparel|OARatkin_TravellerApparel|OARatkin_Noble_Tier1,,Zone_Coat,
RK_Ao,鼠族HSK拓展,Moustate winter coat (Ao),Shell,Torso|Neck|Shoulders|Arms|Legs,RK_ExoticTier3|RoyalTier5,,Zone_Coat,
RK_BanCoat,鼠族HSK拓展,ratkin rogue's coat,Shell,Torso|Neck|Shoulders|Arms|Legs,RK_ExoticBandit,,Zone_Coat,
RK_BanleaderCoat,鼠族HSK拓展,ratkin bandit chief fur coat,Shell,Torso|Neck|Shoulders|Arms|Legs,RK_ExoticBanditBoss|RoyalTier5,,Zone_Coat,
RK_BikerJacket,鼠族HSK拓展,ratkin biker jacket,Shell,Neck|Torso|Shoulders|Arms,RK_JiraiApparel|RK_GangApparel,,Zone_Coat,
RK_DongYi,鼠族HSK拓展,Moustate winter coat,Shell,Torso|Neck|Shoulders|Arms|Legs,RK_ExoticExplorer|RK_ExoticTier1|RK_ExoticTier2|RK_ExoticMilitia|RK_ExoticWorker|RK_ExoticFarmer|RoyalTier2,,Zone_Coat,
RK_ExoticCloak,鼠族HSK拓展,exotic cloak,Shell,Torso|Neck|Shoulders|Arms|Legs,RK_ExoticTier3|RoyalTier5,,Zone_Coat,
RK_FuriSote,鼠族HSK拓展,Moustate furisode,,,,,Zone_Coat,继承-已补判
RK_Haori,鼠族HSK拓展,Moustate Haori,,,RK_SenGiTai|RoyalTier5,,Zone_Coat,继承-已补判
RK_JiaAoChild,鼠族HSK拓展,ratkin lined jacket,OnSkin|Middle,Torso|Shoulders|Arms|Legs,RK_ExoticWorker|RK_ExoticFarmer|RK_ExoticTier1|RK_ExoticTier2|RK_ExoticTier3|RK_ExoticChild|RoyalTier2|RoyalTier5,,Zone_Coat,
RK_TengPai,鼠族HSK拓展,ratkin cane shield,OuterClothing,Torso|Shoulders|Arms,RK_ExoticLightShield,,Zone_Coat,
RK_WR_TrenchCoat,鼠族HSK拓展,White Rose Trench Coat,Shell,Torso|Neck|Shoulders|Arms|Legs,RK_WR_Officer|RK_WR_Soldier,,Zone_Coat,
RK_WhiteCloak,鼠族HSK拓展,Ratkin Cloak,Shell,Torso|Neck|Shoulders,RK_Ambassador|RK_3Tier|RK_Noble|RK_Worker,,Zone_Coat,
RK_ZhaMian,鼠族HSK拓展,ratkin hanafuda mask,Overhead,UpperHead|Eyes|Mouth|Teeth,RK_ExoticZhaMian,,Zone_Coat,继承-防水大衣?
RK_ZhaMian_Bai,鼠族HSK拓展,ratkin impermanence hanafuda,,,RoyalCombatGear|RK_ExoticImpermanence,,Zone_Coat,继承-防水大衣?
RK_ZhaMian_Hei,鼠族HSK拓展,ratkin impermanence hanafuda,,,RoyalCombatGear|RK_ExoticImpermanence,,Zone_Coat,继承-防水大衣?
RK_ZhaMian_Hi,鼠族HSK拓展,,,,RoyalCombatGear|RK_ExoticBanditBoss,,Zone_Coat,继承-防水大衣?
RK_ZhaMian_Kiku,鼠族HSK拓展,,,,RK_ExoticBandit|RoyalCombatGear,,Zone_Coat,继承-防水大衣?
RK_ZhaMian_Null,鼠族HSK拓展,「Ratkin Void Hanafuda」,,,,,Zone_Coat,继承-防水大衣?
RK_ZhaMian_Ran,鼠族HSK拓展,,,,RK_ExoticBandit|RoyalCombatGear,,Zone_Coat,继承-防水大衣?
RK_ZhaMian_Sakura,鼠族HSK拓展,,,,RK_ExoticBandit|RoyalCombatGear,,Zone_Coat,继承-防水大衣?
RK_ZhaMian_Tsuki,鼠族HSK拓展,,,,RoyalCombatGear|RK_ExoticBanditElite,,Zone_Coat,继承-防水大衣?
RK_ZhaMian_Ume,鼠族HSK拓展,,,,RK_ExoticBandit|RoyalCombatGear,,Zone_Coat,继承-防水大衣?
RK_ZhangPai,鼠族HSK拓展,ratkin barrier board,OuterClothing,Torso|Neck|Shoulders|Arms|Legs,RK_ExoticHeavyShield|RK_ExoticShooterShield,,Zone_Coat,
hsdy,鼠族HSK拓展,毛绒大衣,Shell,Torso|Neck|Shoulders|Arms|Legs,Royal|RoyalTier2|RoyalTier3|RoyalTier4|RoyalTier5|RoyalTier6|RoyalRobe|RK_Worker|RK_Ambassador|RK_Maid|RK_1Tier|RK_Thief,1,Zone_Coat,
maorongdayi,鼠族HSK拓展,毛绒绒的风雪大衣,Shell,Torso|Neck|Shoulders|Arms|Legs,Royal|RoyalTier2|RoyalTier3|RoyalTier4|RoyalTier5|RoyalTier6|RoyalRobe|RK_Worker|RK_Ambassador|RK_Maid|RK_1Tier|RK_Thief,1,Zone_Coat,
maorongdayi_Child,鼠族HSK拓展,儿童版毛绒绒大衣,Shell,Torso|Shoulders|Arms|Legs,Royal,,Zone_Coat,
nwpf,鼠族HSK拓展,白湛女王披风,Shell,Torso|Neck|Shoulders|Arms|Legs|Hands|Feet,Royal|RoyalTier2|RoyalTier3|RoyalTier4|RoyalTier5|RoyalTier6|RoyalTier7|RoyalRobe|RK_Worker|RK_Ambassador|RK_Maid|RK_1Tier|RK_Thief,1,Zone_Coat,
sxpf,鼠族HSK拓展,授勋披风,Shell,Torso|Neck|Shoulders|Arms,Royal|RoyalTier2|RoyalTier3|RoyalTier4|RoyalTier5|RoyalTier6|RoyalRobe|RK_Worker|RK_Ambassador|RK_Maid|RK_1Tier|RK_Thief,1,Zone_Coat,
Miho_Apparel_Mask_Eltex,美狐HSK拓展,미호 엘텍스 마스크,Miho_Special,UpperHead,Gunlink,,Zone_Face,
Miho_Apparel_Special_Glasses,美狐HSK拓展,미호 안경,Miho_Special,Eyes,MihoGlasses,0.15,Zone_Face,
Miho_Apparel_Special_RoundGlasses,美狐HSK拓展,미호 둥근 안경,Miho_Special,Eyes,MihoGlasses,0.01,Zone_Face,
Miho_Apparel_Special_SunGlasses,美狐HSK拓展,미호 선글라스,Miho_Special,Eyes,MihoSunGlasses,0.01,Zone_Face,
Miho_Apparel_Special_Toxmask,美狐HSK拓展,미호 방독면,Overhead,Mouth,,,Zone_Face,
Miho_Apparel_Special_Visor,美狐HSK拓展,미호 바이저,Miho_Special,UpperHead,Gunlink,,Zone_Face,
MKSWheat,鼠族HSK拓展,麦克斯韦MK空地装甲全息面罩,Overhead,FullHead,Royal|RoyalTier2|RoyalTier3|RoyalTier4|RoyalTier5|RoyalTier6|RoyalRobe|RK_Maid|RK_1Tier|RK_Thief,0.1,Zone_Face,
RK_Bandage,鼠族HSK拓展,Ratkin Bandage,EyeCover,UpperHead,RK_Apparel|RK_1Tier|RK_Thief|RK_Worker,,Zone_Face,终判-绷带蒙面
RK_EyeMask,鼠族HSK拓展,Ratkin Eye Mask,EyeCover,Eyes,RK_Doctor|RK_2Tier|RoyalTier2|RoyalTier2,,Zone_Face,
RK_GlassesB,鼠族HSK拓展,Ratkin Box glasses,EyeCover,Eyes,RK_Doctor|RK_Murderer|RK_2Tier|RoyalTier2,,Zone_Face,
RK_GlassesR,鼠族HSK拓展,Ratkin Round Glasses,EyeCover,Eyes,RK_Doctor|RK_Murderer|RK_2Tier|RoyalTier2,,Zone_Face,
RK_Hood,鼠族HSK拓展,Ratkin Hood,EyeCover,UpperHead,RK_Apparel|RK_1Tier|RK_Thief|RK_Worker,,Zone_Head,终判-兜帽归头饰
RK_Monocle,鼠族HSK拓展,Ratkin Monocle,EyeCover,Eyes,RK_Doctor|RK_Murderer|RK_2Tier|RoyalTier2,,Zone_Face,
hjzjmz,鼠族HSK拓展,纳米合金战甲面罩（发光款）,Overhead,FullHead,Royal|RoyalTier2|RoyalTier3|RoyalTier4|RoyalTier5|RoyalTier6|RoyalRobe|RK_Maid|RK_1Tier|RK_Thief,0.1,Zone_Face,
hjzjmzB,鼠族HSK拓展,纳米合金战甲面罩,Overhead,FullHead,Royal|RoyalTier2|RoyalTier3|RoyalTier4|RoyalTier5|RoyalTier6|RoyalRobe|RK_Maid|RK_1Tier|RK_Thief,0.1,Zone_Face,
kydcmz,鼠族HSK拓展,矿业调查面罩,Overhead,FullHead|Neck,RK_Worker|RK_Maid|RK_1Tier|RK_Thief,0.1,Zone_Face,
xqzmj,鼠族HSK拓展,先驱者作战面罩,Overhead,FullHead|Neck,Royal|RoyalTier2|RoyalTier3|RoyalTier4|RoyalTier5|RoyalTier6|RoyalRobe|RK_Maid|RK_1Tier|RK_Thief,0.1,Zone_Face,
yingwu,鼠族HSK拓展,小肥啾鹦鹉,EyeCover,Eyes,Royal|RoyalTier2|RoyalTier3|RoyalTier4|RoyalTier5|RoyalTier6|RoyalRobe|RK_Worker|RK_Ambassador|RK_Maid|RK_1Tier|RK_Thief,1,Zone_Head,终判-宠物头饰
Miho_Apparel_Hat_EltexCaptain,美狐HSK拓展,미호 엘텍스 장교모,Overhead,UpperHead,MihoRoyal|Royal,,Zone_Head,
Miho_Apparel_Hat_Militia,美狐HSK拓展,미호 트루퍼 헬멧,Overhead,UpperHead|Eyes,MihoMilitia,,Zone_Head,规则修正-头盔回归头饰
Miho_Apparel_Hat_MilitiaEar,美狐HSK拓展,미호 트루퍼 헬멧 (귀),Overhead,UpperHead|Eyes|MihoEars,MihoMilitia|MihoEars,,Zone_Head,规则修正-头盔回归头饰
Miho_Apparel_Hat_MilitiaMedic,美狐HSK拓展,미호 메딕 헬멧,Overhead,UpperHead|Eyes,MihoMedic,,Zone_Head,规则修正-头盔回归头饰
Miho_Apparel_Hat_MilitiaShoot,美狐HSK拓展,미호 트루퍼 헬멧,Overhead,UpperHead|Eyes,MihoMilitia,,Zone_Head,规则修正-头盔回归头饰
Miho_Apparel_Hat_MilitiaVegi,美狐HSK拓展,미호 트루퍼 헬멧 (야채),Overhead,UpperHead|Eyes|MihoEars,MihoMilitia|MihoEars,,Zone_Head,规则修正-头盔回归头饰
Miho_Apparel_Hat_PMC,美狐HSK拓展,미호 정예 트루퍼 헬멧,Overhead,FullHead|Eyes|MihoEars,MihoPMC|MihoEars,,Zone_Head,规则修正-头盔回归头饰
Miho_Apparel_Hat_Pariah,美狐HSK拓展,미호 퍼라이어 배틀 헬멧,Overhead,FullHead,MihoPMC,,Zone_Head,
Miho_Apparel_Hat_ShooterCap,美狐HSK拓展,미호 택티컬 캡,Overhead,UpperHead,MihoMilitia,,Zone_Head,
Miho_Apparel_Hat_Sorceress,美狐HSK拓展,미호 소서리스모,Overhead,UpperHead,MihoRoyal,,Zone_Head,
Miho_Apparel_Hat_Winter,美狐HSK拓展,미호 비니,Overhead,UpperHead|MihoEars,MihoCommonNecessaryHat|MihoEars,0.1,Zone_Head,
Miho_Apparel_Hat_Worker,美狐HSK拓展,미호 안전모,Overhead,UpperHead|Eyes|MihoEars,MihoMilitia|MihoEars,,Zone_Head,规则修正-头盔回归头饰
Miho_Apparel_OnSkin_Hoodie,美狐HSK拓展,미호 후드,OnSkin,Torso|Shoulders|Arms|Legs,MihoCommonNecessary|MihoMilitia,,Zone_Head,
Miho_Apparel_OnSkin_OrnatedCaptain,美狐HSK拓展,미호 엘텍스 장교복,OnSkin,Shoulders|Arms|Torso|Legs,MihoRoyal|Royal,,Zone_Head,
Miho_Apparel_Special_Magnifier,美狐HSK拓展,미호 매그니파이어,Miho_Special,UpperHead,Gunlink,,Zone_Head,
Miho_Apparel_Special_Maid,美狐HSK拓展,미호 프렌치 메이드 카츄샤,Miho_Special,UpperHead,Gunlink,,Zone_Head,
Miho_Apparel_Special_TacticalAssist,美狐HSK拓展,미호 사격보조 컴퓨터,Miho_Special,UpperHead,Gunlink,,Zone_Head,
OAGene_SnowstormBarrette,金鼠族 HSK版本,Wind and snow hair accessories,Overhead,UpperHead,OA_RK_Fengxue|RoyalTier2|RoyalTier5|Royal|RoyalTier6|RoyalTier7,0,Zone_Head,
OA_RK_Armor_Hat_A,金鼠族 HSK版本,Light Blitz combat helmet,,Eyes|Neck,OARatkin_AssaulterArmor,,Zone_Head,
OA_RK_Armor_Hat_B,金鼠族 HSK版本,Full protection Blitz combat helmet,,FullHead|Neck,OARatkin_AssaulterArmor|OARatkin_Spaceport_AssaulterArmor,,Zone_Head,
OA_RK_Hat_A,金鼠族 HSK版本,Oberonia Aurea square hat,,,OARatkin_TravellerApparel|OARatkin_Noble_Tier1,,Zone_Head,
OA_RK_Hat_B,金鼠族 HSK版本,Oberonia Aurea silver-leaf hairpin,,,OARatkin_Noble_Tier1|OARatkin_Noble_Tier2|RoyalTier6|RoyalTier7|RoyalTier8,,Zone_Head,
OA_RK_Hat_C,金鼠族 HSK版本,Oberonia Aurea court silver-leaf hairpin,,,,,Zone_Head,
OA_RK_Hat_D,金鼠族 HSK版本,Oberonia Aurea scouter,,,,,Zone_Head,
OA_RK_Hat_E,金鼠族 HSK版本,Oberonia Aurea silver-rose hairpin,,,RoyalTier6|RoyalTier7,,Zone_Head,
OA_RK_New_Hat_A,金鼠族 HSK版本,Oberonia Aurea wreath,,,OARatkin_Traveller_Apparel,,Zone_Head,
OA_RK_New_Hat_B,金鼠族 HSK版本,Oberonia Aurea Snow Fleece Hat,,,OARatkin_Traveller_Apparel|OARatkin_Noble_Tier1,,Zone_Head,
OA_RK_New_Hat_C,金鼠族 HSK版本,Oberonia Aurea Technical Hat,,,OARatkin_TechnicalApparel|OARatkin_NavigateApparel,,Zone_Head,
OA_RK_New_Hat_D,金鼠族 HSK版本,Oberonia Aurea industrial protective helmet,,,OARatkin_IndustrialApparel,,Zone_Head,
OA_RK_New_Hat_E,金鼠族 HSK版本,Oberonia Aurea Crew Hair Accessory,,FullHead|Neck,OARatkin_NavigateApparel,,Zone_Head,
Crusadershead,鼠族HSK拓展,十字军轻型护盔,Overhead,FullHead,Royal|RoyalTier2|RoyalTier3|RoyalTier4|RoyalTier5|RoyalTier6|RoyalRobe|RK_Worker|RK_Ambassador|RK_Maid|RK_1Tier|RK_Thief,0.1,Zone_Head,
RA_DetectiveHat,鼠族HSK拓展,ratkin detective hat,Overhead,UpperHead,RK_Apparel|RK_2Tier|RK_Doctor|RoyalTier2,,Zone_Head,
RA_PaladinCoronet,鼠族HSK拓展,paladin coronet,Overhead,FullHead,RK_Noble|RK_3Tier|RK_Melee|RK_Knight|RoyalCombatGear,,Zone_Head,
RA_PaladinHood,鼠族HSK拓展,paladin hood,Overhead,FullHead,RK_Noble|RK_3Tier|RK_Melee|RK_Knight|RoyalCombatGear,,Zone_Head,
RK_AF_Fez,鼠族HSK拓展,Albizia Fez,Overhead,UpperHead|Eyes,RK_AF_Soldier,,Zone_Head,规则修正-头盔回归头饰
RK_Bergmutze,鼠族HSK拓展,ratkin Bergmutze,,,,,Zone_Head,继承-已补判
RK_BigBeard,鼠族HSK拓展,Ratkin Big Beard,Overhead,Eyes,RK_Doctor|RK_2Tier|RoyalTier2|RoyalTier2,,Zone_Head,规则修正-头盔回归头饰
RK_BingLi,鼠族HSK拓展,「Ratkin Beonggeoji」,Overhead,UpperHead|Eyes,,,Zone_Head,规则修正-头盔回归头饰
RK_BlackMask,鼠族HSK拓展,ratkin black mask,Overhead,Mouth|Teeth,RK_ExoticMask,,Zone_Head,规则修正-头盔回归头饰
RK_CaesarCrownA,鼠族HSK拓展,Ratkin Crown gold,Overhead,FullHead,RK_Noble|RK_3Tier|Royal,,Zone_Head,
RK_CaesarCrownB,鼠族HSK拓展,Ratkin Crown silver,Overhead,FullHead,RK_Noble|RK_3Tier|Royal,,Zone_Head,
RK_Circlet,鼠族HSK拓展,ratkin circlet,Overhead,FullHead,RK_Noble|RK_3Tier|Royal|RK_Melee|RK_Knight|RoyalCombatGear,,Zone_Head,
RK_DouLi,鼠族HSK拓展,Moustate rain hat,Overhead,UpperHead,RK_ExoticTier1|RK_ExoticMilitia|RK_ExoticWorker|RK_ExoticFarmer|RK_DaXia,,Zone_Head,
RK_EU_BerndorfHelmet,鼠族HSK拓展,Edelweiss Berndorf Helmet,Overhead,UpperHead|Eyes,RK_EU_Soldier|RK_EU_Cavalry,,Zone_Head,
RK_Earrings,鼠族HSK拓展,earrings,,UpperHead,,,Zone_Head,
RK_ExoticWarmHat,鼠族HSK拓展,ratkin sleep rabbit hat,Overhead,UpperHead,RK_ExoticExplorer|RK_ExoticTier1|RK_ExoticTier2|RK_ExoticMilitia|RK_ExoticWorker|RK_ExoticFarmer|RoyalTier2,,Zone_Head,
RK_FuJin,鼠族HSK拓展,ratkin FuJin,Overhead,UpperHead,RK_ExoticResearchers|RoyalTier2|RoyalTier5,,Zone_Head,
RK_GaoDing,鼠族HSK拓展,Ratkin GaoDing helmet,Overhead,UpperHead|Eyes,RK_ExoticTier3|RK_ExoticSoldier|RK_ExoticHeavyArmor|RoyalCombatGear,,Zone_Head,
RK_GuardHat,鼠族HSK拓展,Ratkin Guard Helmet,Overhead,UpperHead,RK_Doctor|RK_2Tier|RoyalTier2|RoyalTier2,,Zone_Head,
RK_Hahoetal,鼠族HSK拓展,ratkin hahoetal mask,Overhead,UpperHead|Eyes|Mouth|Teeth,RK_ExoticBerserker,,Zone_Head,规则修正-头盔回归头饰
RK_Hoodie,鼠族HSK拓展,ratkin hoodie,Shell,Neck|Torso|Shoulders|Arms,RK_JiraiApparel|RK_GangApparel,,Zone_Head,
RK_IR_AdrianHelmet,鼠族HSK拓展,Iris Adrian Helmet,Overhead,UpperHead|Eyes,RK_IR_Soldier|RK_SD_Soldier|RK_SA_Soldier,,Zone_Head,
RK_Jinngasa,鼠族HSK拓展,ratkin Jinngasa,Overhead,UpperHead,RK_SenGiTai|RoyalCombatGear|RoyalTier3,,Zone_Head,
RK_KB_Stahlhelm,鼠族HSK拓展,Kornblume Stahlhelm,Overhead,UpperHead|Eyes,RK_KB_Soldier|RK_KB_Cavalry,,Zone_Head,
RK_KO_KnightHelmet,鼠族HSK拓展,Order State Knight Helmet,Overhead,UpperHead|Eyes,,,Zone_Head,
RK_KP_AdrianHelmet,鼠族HSK拓展,Klaproos Adrian Helmet,Overhead,UpperHead|Eyes,RK_KP_Soldier,,Zone_Head,
RK_Kerchief,鼠族HSK拓展,ratkin kerchief,Overhead,UpperHead,RK_ExoticTier3|RK_ExoticNoble|RoyalTier2|RoyalTier5,,Zone_Head,
RK_LR_BrodieHelmet,鼠族HSK拓展,Lavender Brodie Helmet,Overhead,UpperHead|Eyes,RK_LR_Soldier,,Zone_Head,
RK_LS_Fez,鼠族HSK拓展,Lale Fez,Overhead,UpperHead|Eyes,RK_LS_Soldier,,Zone_Head,规则修正-头盔回归头饰
RK_LargePipe,鼠族HSK拓展,Ratkin Large Pipe,Overhead,Teeth,RK_Doctor|RK_2Tier|RoyalTier2|RoyalTier2,,Zone_Head,
RK_LogistorHel,鼠族HSK拓展,ratkin logistor TieMao,,,RK_Logistor|RoyalTier3,,Zone_Head,继承-已补判
RK_MR_BrodieHelmet,鼠族HSK拓展,Multiflora Rose Brodie Helmet,Overhead,UpperHead|Eyes,RK_MR_Soldier,,Zone_Head,
RK_ManCap,鼠族HSK拓展,ratkin manatwar cap,Overhead,UpperHead,RK_ExoticTier3|RK_ExoticRanger|RoyalCombatGear|RoyalTier3|RoyalTier5,,Zone_Head,
RK_ManWarmHat,鼠族HSK拓展,ratkin manatwar warm hat,Overhead,UpperHead,RK_ExoticTier3|RK_ExoticRanger|RoyalCombatGear|RoyalTier3|RoyalTier5,,Zone_Head,
RK_ManatwarHelmet,鼠族HSK拓展,Ratkin Manatwar helmet,Overhead,UpperHead|Eyes,RK_ExoticRanger|RK_ExoticTier3|RoyalCombatGear,,Zone_Head,
RK_MinerHelmet,鼠族HSK拓展,Ratkin Miner Helmet,Overhead,UpperHead,RK_Doctor|RK_2Tier|RoyalTier2|RoyalTier2,,Zone_Head,
RK_MingWang,鼠族HSK拓展,「Ming Wang」,Overhead,FullHead,,,Zone_Head,
RK_NK_Fez,鼠族HSK拓展,Narcissus Fez,Overhead,UpperHead|Eyes,RK_NK_Soldier,,Zone_Head,规则修正-头盔回归头饰
RK_NR_ServiceCap,鼠族HSK拓展,Moutan Service Cap,Overhead,UpperHead|Eyes,RK_NR_Officer|RK_NR_Soldier,,Zone_Head,规则修正-头盔回归头饰
RK_PK_Kepi,鼠族HSK拓展,Paeonia Kepi,Overhead,UpperHead|Eyes,RK_PK_Officer,,Zone_Head,规则修正-头盔回归头饰
RK_RR_Furazhka,鼠族HSK拓展,Red Rose Furazhka,Overhead,UpperHead|Eyes,RK_RR_Officer|RK_RR_Soldier|RK_RR_Cavalry,,Zone_Head,规则修正-头盔回归头饰
RK_RegistrarHel,鼠族HSK拓展,ratkin registrar TieMao,,,RK_Registrar|RoyalTier3,,Zone_Head,继承-已补判
RK_Respirator,鼠族HSK拓展,Ratkin Respirator,Overhead,Teeth,RK_Doctor|RK_2Tier|RoyalTier2|RoyalTier2,,Zone_Head,
RK_SA_Kepi,鼠族HSK拓展,Syringa Kepi,Overhead,UpperHead|Eyes,RK_SA_Officer,,Zone_Head,规则修正-头盔回归头饰
RK_SD_Budyonovka,鼠族HSK拓展,Snowdrop Budyonovka,Overhead,UpperHead|Eyes,RK_SD_RedSoldier,,Zone_Head,规则修正-头盔回归头饰
RK_ShaMao,鼠族HSK拓展,ratkin ShaMao hat,Overhead,UpperHead,RK_ExoticExplorer|RK_ExoticTier1|RK_ExoticTier2|RK_ExoticMilitia|RoyalTier2,,Zone_Head,
RK_ShaMaoB,鼠族HSK拓展,ratkin round ShaMao hat,,,,,Zone_Head,
RK_Souyi,鼠族HSK拓展,ratkin straw rain cape (SouYi),Shell,Torso|Neck|Shoulders|Arms|Legs,RK_DaXia|RK_ExoticWorker|RK_ExoticFarmer|RK_ExoticTier1,,Zone_Head,
RK_StageCostume,鼠族HSK拓展,Ratkin Ralloween Costume,Overhead,Eyes,RK_Doctor|RK_2Tier|RoyalTier2|RoyalTier2,,Zone_Head,规则修正-头盔回归头饰
RK_TieMao,鼠族HSK拓展,Ratkin TieMao helmet,Overhead,UpperHead|Eyes,RK_ExoticDefender|RK_ExoticSoldier|RK_ExoticTier2|RoyalCombatGear,,Zone_Head,
RK_TraderWarmHat,鼠族HSK拓展,ratkin merchants warm hat,Overhead,UpperHead,RK_ExoticNoble|RK_ExoticTier3|RoyalTier2|RoyalTier5,,Zone_Head,
RK_VK_AdrianHelmet,鼠族HSK拓展,Violet Adrian Helmet,Overhead,UpperHead|Eyes,RK_VK_Soldier,,Zone_Head,
RK_WR_BrodieHelmet,鼠族HSK拓展,White Rose Brodie Helmet,Overhead,UpperHead|Eyes,RK_WR_Soldier,,Zone_Head,
RK_WeijingA,鼠族HSK拓展,Ratkin Scarf,Overhead,Neck,RK_Apparel|RK_1Tier|RK_Thief|RK_Worker,,Zone_Head,
RK_YE_ServiceCap,鼠族HSK拓展,Yaezakura Service Cap,Overhead,UpperHead|Eyes,RK_YE_Officer|RK_YE_Soldier,,Zone_Head,规则修正-头盔回归头饰
RK_ZanZi,鼠族HSK拓展,ratkin hair clasp,Overhead,UpperHead,RK_ExoticTier3|RK_ExoticNoble|RoyalTier2|RoyalTier5|RK_DaXia,,Zone_Head,
RK_ZhanLi,鼠族HSK拓展,Ratkin ZhanLi helmet,Overhead,UpperHead|Eyes,RK_ExoticTier3|RK_ExoticSoldier|RK_ExoticHeavyArmor|RoyalCombatGear,,Zone_Head,
beileimao,鼠族HSK拓展,优雅贝雷帽,Overhead,UpperHead,Royal|RoyalTier2|RoyalTier3|RoyalTier4|RoyalTier5|RoyalTier6|RoyalRobe|RK_Worker|RK_Ambassador|RK_Maid|RK_1Tier|RK_Thief,0.1,Zone_Head,
bjm,鼠族HSK拓展,古堡夫人蕾丝头饰,Overhead,UpperHead,Royal|RoyalTier2|RoyalTier3|RoyalTier4|RoyalTier5|RoyalTier6|RoyalRobe|RK_Worker|RK_Ambassador|RK_Maid|RK_1Tier|RK_Thief,0.1,Zone_Head,
gjhpf,鼠族HSK拓展,鼠族版冠军侯披风,Shell,Torso|Neck|Shoulders|Arms,Royal|RoyalTier2|RoyalTier3|RoyalTier4|RoyalTier5|RoyalTier6|RoyalRobe|RK_Worker|RK_Ambassador|RK_Maid|RK_1Tier|RK_Thief,1,Zone_Head,
kamz,鼠族HSK拓展,可爱毛绒小羊帽,Overhead,UpperHead,Royal|RoyalTier2|RoyalTier3|RoyalTier4|RoyalTier5|RoyalTier6|RoyalRobe|RK_Worker|RK_Ambassador|RK_Maid|RK_1Tier|RK_Thief,0.1,Zone_Head,
kamz_Child,鼠族HSK拓展,儿童版可爱毛绒小羊帽,Overhead,UpperHead,Royal,0.1,Zone_Head,
nwtg,鼠族HSK拓展,灵能女王皇冠,Overhead,FullHead,Royal|RoyalTier2|RoyalTier3|RoyalTier4|RoyalTier5|RoyalTier6|RoyalTier7|RoyalRobe|RK_Worker|RK_Ambassador|RK_Maid|RK_1Tier|RK_Thief,0.1,Zone_Head,
Miho_Apparel_OnSkin_Celestial,美狐HSK拓展,미호 천상복,OnSkin|Miho_Under|Middle,Torso|Neck|Shoulders|Arms|Legs,MihoCelestial,,Zone_Underwear,
Miho_Apparel_Under_Armor,美狐HSK拓展,미호 보호내의,Miho_Under,Torso|Legs,Royal,,Zone_Underwear,
Miho_Apparel_Under_EltexOne,美狐HSK拓展,미호 엘텍스 속옷,Miho_Under,Torso|Legs,MihoRoyal|Royal,,Zone_Underwear,
Miho_Apparel_Under_EltexTalisman,美狐HSK拓展,미호 봉인 부적,Miho_Under,Torso|Legs,MihoRoyal|Royal,,Zone_Underwear,
Miho_Apparel_Under_Industrial,美狐HSK拓展,미호 속옷,Miho_Under,Torso|Legs,MihoCommon,,Zone_Underwear,
Miho_Apparel_Under_IndustrialBear,美狐HSK拓展,미호 곰돌이 속옷,Miho_Under,Torso|Legs,MihoCommon,,Zone_Underwear,
Miho_Apparel_Under_IndustrialBlack,美狐HSK拓展,미호 검은 속옷,Miho_Under,Torso|Legs,MihoCommon,,Zone_Underwear,
Miho_Apparel_Under_IndustrialStripe,美狐HSK拓展,미호 줄무늬 속옷,Miho_Under,Torso|Legs,MihoCommon,,Zone_Underwear,
Miho_Apparel_Under_SeasonalSanta,美狐HSK拓展,미호 산타복,Miho_Under,Torso|Legs,MihoSeasonalSanta,,Zone_Underwear,
Miho_Apparel_Under_Tribal,美狐HSK拓展,미호 부족민 속옷,Miho_Under,Torso|Legs,MihoCommon,,Zone_Underwear,
Miho_Apparel_Under_TribalEltex,美狐HSK拓展,미호 부족 엘텍스 속옷,Miho_Under,Torso|Legs,MihoRoyal|Royal,,Zone_Underwear,
Miho_Apparel_Under_TribalTwo,美狐HSK拓展,미호 부족민 속옷 (B),Miho_Under,Legs,MihoCommon,,Zone_Underwear,
RKHSK_Favonius_Underarmour,鼠族HSK拓展,西风骑士内衣,OnSkin,Torso|Shoulders|Arms|Legs|Feet,MedievalMilitary|MedievalArmorBasic,,Zone_Underwear,
