defName,label,来源mod,落地方式,techLevel,①穿戴位置,②用途场景,③科技档,旧分类,①依据,②依据
Apparel_AdvancedHelmet,Advanced Helmet,(原版 Data),上游补丁(Core),Industrial,头部,战斗护甲,工业,MediumHelmetsCat,旧分类,护甲值/甲类
Apparel_AirwireHeadset,airwire headset,(原版 Data),上游补丁(Core),Spacer,头部,战斗护甲,太空,HeadgearMechanitor,旧分类,护甲值/甲类
Apparel_Ammobelt,Ammo belt,Core_SK,上游补丁,Industrial,配饰腰背,战术装备,工业,SpecialApparelCat,layer,旧分类
Apparel_ArmorCataphract,cataphract armor,(原版 Data),上游补丁(Core),Spacer,全身连体,战斗护甲,太空,HeavyFullArmorCat,旧分类,护甲值/甲类
Apparel_ArmorCataphractPhoenix,phoenix armor,Core_SK_DLCModule,上游补丁,Spacer,全身连体,战斗护甲,太空,HeavyFullArmorCat,旧分类,护甲值/甲类
Apparel_ArmorCataphractPrestige,prestige cataphract armor,(原版 Data),上游补丁(Core),Spacer,全身连体,战斗护甲,太空,HeavyFullArmorCat,旧分类,护甲值/甲类
Apparel_ArmorHelmetCataphract,cataphract helmet,(原版 Data),上游补丁(Core),Spacer,头部,战斗护甲,太空,HeavyHelmetsCat,旧分类,护甲值/甲类
Apparel_ArmorHelmetCataphractPrestige,prestige cataphract helmet,(原版 Data),上游补丁(Core),Spacer,头部,战斗护甲,太空,HeavyHelmetsCat,旧分类,护甲值/甲类
Apparel_ArmorHelmetMechCommander,mechcommander helmet,(原版 Data),上游补丁(Core),Spacer,头部,战斗护甲,太空,HeadgearMechanitor|MediumHelmetsCat,旧分类,护甲值/甲类
Apparel_ArmorHelmetMechlordHelmet,mechlord helmet,(原版 Data),上游补丁(Core),Spacer,头部,战斗护甲,太空,HeadgearMechanitor|MediumHelmetsCat,旧分类,护甲值/甲类
Apparel_ArmorHelmetRecon,recon helmet,(原版 Data),上游补丁(Core),Spacer,头部,战斗护甲,太空,LightHelmetsCat,旧分类,护甲值/甲类
Apparel_ArmorHelmetReconPrestige,prestige recon helmet,Core_SK_DLCModule,上游补丁,Spacer,头部,战斗护甲,太空,LightHelmetsCat,旧分类,护甲值/甲类
Apparel_ArmorLocust,locust armor,Core_SK_DLCModule,上游补丁,Spacer,全身连体,战斗护甲,太空,HeavyFullArmorCat,旧分类,护甲值/甲类
Apparel_ArmorMarineGrenadier,grenadier armor,Core_SK_DLCModule,上游补丁,Spacer,全身连体,战斗护甲,太空,HeavyFullArmorCat|Setpowerarmor,旧分类,护甲值/甲类
Apparel_ArmorMarineHelmetPrestige,Prestige marine helmet,Core_SK_DLCModule,上游补丁,Spacer,头部,战斗护甲,太空,HeavyHelmetsCat|Setpowerarmor,旧分类,护甲值/甲类
Apparel_ArmorMarinePrestige,prestige marine armor,Core_SK_DLCModule,上游补丁,Spacer,全身连体,战斗护甲,太空,HeavyFullArmorCat|Setpowerarmor,旧分类,护甲值/甲类
Apparel_ArmorRecon,recon armor,(原版 Data),上游补丁(Core),Spacer,全身连体,战斗护甲,太空,LightFullArmorCat,旧分类,护甲值/甲类
Apparel_ArmorReconPrestige,prestige recon armor,Core_SK_DLCModule,上游补丁,Spacer,全身连体,战斗护甲,太空,LightFullArmorCat,旧分类,护甲值/甲类
Apparel_ArrayHeadset,array headset,(原版 Data),上游补丁(Core),Spacer,头部,战斗护甲,太空,HeadgearMechanitor,旧分类,护甲值/甲类
Apparel_AuthorityCap,authority cap,(原版 Data),上游补丁(Core),Medieval,头部,日常便服,中世纪,HeaddressCat,旧分类,默认/待裁决
Apparel_Aviators,Aviator sunglasses,Core_SK,上游补丁,Industrial,配饰腰背,装饰饰品,工业,AccessoriesCat,旧分类,旧分类
Apparel_Bandolier,heavy bandolier,(原版 Data),上游补丁(Core),Industrial,配饰腰背,日常便服,工业,ApparelMisc,layer,旧分类
Apparel_BasicShirt,T-Shirt,(原版 Data),上游补丁(Core),Medieval,全身连体,日常便服,中世纪,BodySuitsCat,旧分类,默认/待裁决
Apparel_BattleMask,Marine Storm Mask,Core_SK,上游补丁,Industrial,配饰腰背,装饰饰品,工业,AccessoriesCat|Setmarinearmor,旧分类,旧分类
Apparel_Beret,beret,(原版 Data),上游补丁(Core),Industrial,头部,礼仪贵族,工业,HeadgearNoble|SetNoble,旧分类,旧分类
Apparel_Blazer,Blazer,Core_SK,上游补丁,Medieval,躯干外衣,日常便服,中世纪,UpperOverdressCat,旧分类,默认/待裁决
Apparel_Blindfold,blindfold,(原版 Data),上游补丁(Core),Medieval,头部,日常便服,中世纪,HeaddressCat,旧分类,默认/待裁决
Apparel_BodyStrap,slave body strap,(原版 Data),上游补丁(Core),Medieval,躯干外衣,日常便服,中世纪,ApparelMisc,layer,旧分类
Apparel_Bonnet,bonnet,HMC Vile's Pre-Industrial,上游补丁,Medieval,头部,日常便服,中世纪,HeaddressCat|SetSlaver,旧分类,默认/待裁决
Apparel_BowlerHat,Tourist Hat,(原版 Data),上游补丁(Core),Industrial,头部,日常便服,工业,HeaddressCat,旧分类,默认/待裁决
Apparel_Broadwrap,broadwrap,(原版 Data),上游补丁(Core),Neolithic,头部,日常便服,原始,HeaddressCat,旧分类,默认/待裁决
Apparel_BrocadeVest,Brocade Vest,Core_SK,上游补丁,Medieval,躯干外衣,战斗护甲,中世纪,VestsCat|SetBandit,旧分类,战斗套装
Apparel_BronzeHelmet,Bronze Helmet,HMC Vile's Pre-Industrial,上游补丁,Neolithic,头部,战斗护甲,原始,PreModernHelmetsCat,旧分类,护甲值/甲类
Apparel_Burka,burka,(原版 Data),上游补丁(Core),Neolithic,躯干外衣,日常便服,原始,ApparelMisc,layer,旧分类
Apparel_Cape,cape,(原版 Data),上游补丁(Core),Medieval,躯干外衣,礼仪贵族,中世纪,ApparelNoble|SetNoble,layer,旧分类
Apparel_Cassie,Dinner Jacket,HMC Vile's Pre-Industrial,上游补丁,Industrial,躯干外衣,职业劳作,工业,UpperOverdressCat|SetMedieval|SetCommoner|SetLeader,旧分类,label
Apparel_CerebrexNode,cerebrex node,(原版 Data),上游补丁(Core),Spacer,配饰腰背,战术装备,太空,ApparelUtility,layer,人工裁决
Apparel_ChefJacket,Chef jacket,Core_SK,上游补丁,Industrial,躯干外衣,职业劳作,工业,UpperOverdressCat|SetCookie,旧分类,职业套装
Apparel_ClothMask,face mask,(原版 Data),上游补丁(Core),Neolithic,面饰眼部,环境防护,原始,GasMasksCat,旧分类,旧分类
Apparel_Collar,slave collar,(原版 Data),上游补丁(Core),Medieval,头部,职业劳作,中世纪,SpecialHelmetsCat,旧分类,特化头具
Apparel_CollarShirt,Button-down Shirt,HMC Vile's Pre-Industrial,上游补丁,Medieval,全身连体,日常便服,中世纪,BodySuitsCat,旧分类,默认/待裁决
Apparel_CookApron,Cook Apron,Core_SK,上游补丁,Industrial,躯干外衣,职业劳作,工业,VestsCat|SetCookie,旧分类,职业套装
Apparel_Coronet,coronet,(原版 Data),上游补丁(Core),Medieval,头部,礼仪贵族,中世纪,HeadgearNoble|SetNoble,旧分类,旧分类
Apparel_Corset,corset,(原版 Data),上游补丁(Core),Medieval,躯干外衣,礼仪贵族,中世纪,ApparelNoble|VestsCat|SetNoble,旧分类,旧分类
Apparel_CowboyHat,Duelist's Hat,(原版 Data),上游补丁(Core),Industrial,头部,战斗护甲,工业,HeaddressCat|SetBandit,旧分类,战斗套装
Apparel_Crown,crown,(原版 Data),上游补丁(Core),Medieval,头部,礼仪贵族,中世纪,HeadgearNoble|SetNoble,旧分类,旧分类
Apparel_CrownStellic,stellic crown,(原版 Data),上游补丁(Core),Medieval,头部,礼仪贵族,中世纪,HeadgearNoble|SetNoble,旧分类,旧分类
Apparel_CryptosleepBodysuit,Cryptosleep uniform,Core_SK,上游补丁,Industrial,全身连体,职业劳作,工业,FullBodySuitsCat,旧分类,label
Apparel_Cryptosuit,Cryptosuit,Core_SK,上游补丁,Spacer,全身连体,环境防护,太空,FullBodySuitsCat,旧分类,人工裁决
Apparel_DesertRobe,Desert robe,Core_SK,上游补丁,Medieval,躯干外衣,礼仪贵族,中世纪,ApparelNoble|SetNoble,layer,旧分类
Apparel_DoctorBrocade,Doctor's Brocade,Core_SK,上游补丁,Industrial,躯干外衣,职业劳作,工业,UpperOverdressCat|SetMedical,旧分类,职业套装
Apparel_Duster,Duster,HMC Vile's Pre-Industrial,上游补丁,Medieval,躯干外衣,日常便服,中世纪,UpperOverdressCat,旧分类,默认/待裁决
Apparel_Earmuff,Earmuff,Core_SK,上游补丁,Industrial,配饰腰背,装饰饰品,工业,AccessoriesCat,旧分类,旧分类
Apparel_EltexSkullcap,eltex skullcap,(原版 Data),上游补丁(Core),Ultra,头部,职业劳作,极致,SpecialHelmetsCat,旧分类,特化头具
Apparel_FSDesertRobe,Desert robe,HMC Vile's Pre-Industrial,上游补丁,Medieval,躯干外衣,战斗护甲,中世纪,UpperOverdressCat|ShellLayerCat,旧分类,护甲值/甲类
Apparel_FSFurCoat,Hide Coat,HMC Vile's Pre-Industrial,上游补丁,Neolithic,躯干外衣,战斗护甲,原始,UpperOverdressCat|ShellLayerCat|SetCommoner|SetNeolithic,旧分类,护甲值/甲类
Apparel_FirefoampopPack,firefoam pop pack,(原版 Data),上游补丁(Core),Industrial,配饰腰背,日常便服,工业,ApparelUtility,layer,默认/待裁决
Apparel_FlakJacket,combat jacket,(原版 Data),上游补丁(Core),Industrial,躯干外衣,战斗护甲,工业,LightUpperArmorCat|Setmarinearmor,旧分类,护甲值/甲类
Apparel_FlakPants,flak pants,(原版 Data),上游补丁(Core),Industrial,下衣裤裙,战斗护甲,工业,MilitaryPantsCat,旧分类,护甲值/甲类
Apparel_FlakVest,flak vest,(原版 Data),上游补丁(Core),Industrial,躯干外衣,战斗护甲,工业,VestsCat,旧分类,护甲值/甲类
Apparel_Flophat,flophat,(原版 Data),上游补丁(Core),Medieval,头部,日常便服,中世纪,HeaddressCat,旧分类,默认/待裁决
Apparel_FurCoat,Long coat,Core_SK,上游补丁,Medieval,躯干外衣,日常便服,中世纪,UpperOverdressCat|SetMedieval,旧分类,默认/待裁决
Apparel_Gambeson,Gambeson,Core_SK,上游补丁,Medieval,全身连体,日常便服,中世纪,BodySuitsCat|SetMedieval,旧分类,默认/待裁决
Apparel_GambesonPadded,Padded Gambeson,Core_SK,上游补丁,Medieval,全身连体,日常便服,中世纪,BodySuitsCat|SetMedieval,旧分类,默认/待裁决
Apparel_GasMask,gas mask,(原版 Data),上游补丁(Core),Industrial,面饰眼部,环境防护,工业,GasMasksCat,旧分类,旧分类
Apparel_GlowstoneWard,glowstone ward,Core_SK,上游补丁,Neolithic,配饰腰背,装饰饰品,原始,AccessoriesCat,旧分类,旧分类
Apparel_GrinderHelmet,Feral Scrapmetal Helmet,HMC Vile's Pre-Industrial,上游补丁,Medieval,头部,战斗护甲,中世纪,PreModernHelmetsCat|SetApocalyptic,旧分类,护甲值/甲类
Apparel_Gunlink,gunlink,(原版 Data),上游补丁(Core),Spacer,头部,战斗护甲,太空,MilitaryHeaddressCat,旧分类,护甲值/甲类
Apparel_HatHood,Draped hood,(原版 Data),上游补丁(Core),Medieval,头部,日常便服,中世纪,HeaddressCat,旧分类,默认/待裁决
Apparel_HatLadies,ladies hat,(原版 Data),上游补丁(Core),Medieval,头部,礼仪贵族,中世纪,HeadgearNoble|SetNoble,旧分类,旧分类
Apparel_HatTop,top hat,(原版 Data),上游补丁(Core),Medieval,头部,礼仪贵族,中世纪,HeadgearNoble|SetNoble,旧分类,旧分类
Apparel_HazardHelmet,Chemical Protection Helmet,Core_SK,上游补丁,Industrial,头部,战术装备,工业,SpecialApparelCat|SetChemicalProtectionSuit,layer,旧分类
Apparel_HazardVest,Chemical Protection Suit,Core_SK,上游补丁,Industrial,躯干外衣,战术装备,工业,SpecialApparelCat|SetChemicalProtectionSuit,layer,旧分类
Apparel_Headwrap,headwrap,(原版 Data),上游补丁(Core),Neolithic,头部,日常便服,原始,HeaddressCat,旧分类,默认/待裁决
Apparel_HeavyShield,heavy shield unit,(原版 Data),上游补丁(Core),Medieval,躯干外衣,日常便服,中世纪,,layer,默认/待裁决
Apparel_HuskerHood,Feral Wire Hood,HMC Vile's Pre-Industrial,上游补丁,Medieval,躯干外衣,战斗护甲,中世纪,CombinedArmorCat|SetApocalyptic,旧分类,护甲值/甲类
Apparel_IntegratorHeadset,integrator headset,(原版 Data),上游补丁(Core),Spacer,头部,战斗护甲,太空,HeadgearMechanitor,旧分类,护甲值/甲类
Apparel_Jacket,Jacket,HMC Vile's Pre-Industrial,上游补丁,Medieval,躯干外衣,战斗护甲,中世纪,UpperOverdressCat|SetBandit,旧分类,战斗套装
Apparel_Jumpsuit,Jumpsuit,Core_SK,上游补丁,Spacer,全身连体,环境防护,太空,FullBodySuitsCat,旧分类,人工裁决
Apparel_KidHelmet,kid helmet,Core_SK_DLCModule,上游补丁,Industrial,贴身内衣,日常便服,工业,KidsApparel,layer,旧分类
Apparel_KidPants,kid pants,Core_SK_DLCModule,上游补丁,Industrial,贴身内衣,日常便服,工业,KidsApparel,layer,旧分类
Apparel_KidParka,kid parka,Core_SK_DLCModule,上游补丁,Neolithic,躯干外衣,日常便服,原始,KidsApparel,layer,旧分类
Apparel_KidRomper,kid romper,Core_SK_DLCModule,上游补丁,Industrial,贴身内衣,日常便服,工业,KidsApparel,layer,旧分类
Apparel_KidShirt,kid shirt,Core_SK_DLCModule,上游补丁,Industrial,贴身内衣,日常便服,工业,KidsApparel,layer,旧分类
Apparel_KidTribal,kid tribalwear,Core_SK_DLCModule,上游补丁,Neolithic,贴身内衣,日常便服,原始,KidsApparel,layer,旧分类
Apparel_LongCloak,Long cloak,Core_SK,上游补丁,Medieval,躯干外衣,日常便服,中世纪,UpperOverdressCat|SetMedieval,旧分类,默认/待裁决
Apparel_MarineBodysuit,Marine Bodysuit,Core_SK,上游补丁,Industrial,全身连体,战斗护甲,工业,FullBodySuitsCat|Setmarinearmor,旧分类,战斗套装
Apparel_MarineShirt,Marine Shirt,Core_SK,上游补丁,Industrial,全身连体,战斗护甲,工业,BodySuitsCat|Setmarinearmor,旧分类,战斗套装
Apparel_MechlordSuit,mechlord suit,(原版 Data),上游补丁(Core),Spacer,躯干外衣,战斗护甲,太空,MediumUpperArmorCat|Setpowerarmor,旧分类,护甲值/甲类
Apparel_MedicUniform,Medical Uniform,Core_SK,上游补丁,Industrial,全身连体,职业劳作,工业,BodySuitsCat|SetMedical,旧分类,职业套装
Apparel_MedicalApron,Surgeon's apron,Core_SK,上游补丁,Industrial,躯干外衣,职业劳作,工业,VestsCat|SetMedical,旧分类,职业套装
Apparel_MedievalTunic,Medieval tunic,Core_SK,上游补丁,Medieval,全身连体,日常便服,中世纪,BodySuitsCat|SetMedieval,旧分类,默认/待裁决
Apparel_MiningHelmet,Mining Helmet,Core_SK,上游补丁,Industrial,头部,职业劳作,工业,SpecialHelmetsCat|SetMiner,旧分类,职业套装
Apparel_MiningVest,mining vest,Core_SK,上游补丁,Industrial,躯干外衣,战术装备,工业,SpecialApparelCat|SetMiner,layer,旧分类
Apparel_MoppMaskDesert,MOPP mask(Desert),Rimatomics_SK,上游补丁,Industrial,头部,战术装备,工业,SpecialApparelCat|SetChemicalProtectionSuit,layer,旧分类
Apparel_MoppMaskSnow,MOPP mask(Snow),Rimatomics_SK,上游补丁,Industrial,头部,战术装备,工业,SpecialApparelCat|SetChemicalProtectionSuit,layer,旧分类
Apparel_MoppMaskWoodland,MOPP mask(Woodland),Rimatomics_SK,上游补丁,Industrial,头部,战术装备,工业,SpecialApparelCat|SetChemicalProtectionSuit,layer,旧分类
Apparel_MoppSuitDesert,MOPP suit(Desert),Rimatomics_SK,上游补丁,Industrial,躯干外衣,战术装备,工业,SpecialApparelCat|SetChemicalProtectionSuit,layer,旧分类
Apparel_MoppSuitSnow,MOPP suit(Snow),Rimatomics_SK,上游补丁,Industrial,躯干外衣,战术装备,工业,SpecialApparelCat|SetChemicalProtectionSuit,layer,旧分类
Apparel_MoppSuitWoodland,MOPP suit(Woodland),Rimatomics_SK,上游补丁,Industrial,躯干外衣,战术装备,工业,SpecialApparelCat|SetChemicalProtectionSuit,layer,旧分类
Apparel_MundaneShirt,Mundane Shirt,Core_SK,上游补丁,Medieval,全身连体,日常便服,中世纪,BodySuitsCat,旧分类,默认/待裁决
Apparel_OverallsCarbon,Carbon Overalls,Core_SK,上游补丁,Spacer,全身连体,环境防护,太空,FullBodySuitsCat,旧分类,人工裁决
Apparel_OverallsModified,Modified Overalls,Core_SK,上游补丁,Spacer,全身连体,环境防护,太空,FullBodySuitsCat,旧分类,人工裁决
Apparel_OverallsSpecial,Special Overalls,Core_SK,上游补丁,Spacer,全身连体,环境防护,太空,FullBodySuitsCat,旧分类,人工裁决
Apparel_OverallsStandard,Standard Overalls,Core_SK,上游补丁,Spacer,全身连体,环境防护,太空,FullBodySuitsCat,旧分类,人工裁决
Apparel_PackBandwidth,bandwidth pack,(原版 Data),上游补丁(Core),Spacer,配饰腰背,战术装备,太空,ApparelUtility,layer,人工裁决
Apparel_PackBroadshield,low-shield pack,(原版 Data),上游补丁(Core),Industrial,配饰腰背,日常便服,工业,ApparelUtility,layer,默认/待裁决
Apparel_PackControl,control pack,(原版 Data),上游补丁(Core),Spacer,配饰腰背,战术装备,太空,ApparelUtility,layer,人工裁决
Apparel_PackHunter,hunter pack,(原版 Data),上游补丁(Core),Industrial,配饰腰背,日常便服,工业,ApparelUtility,layer,默认/待裁决
Apparel_PackJump,jump pack,(原版 Data),上游补丁(Core),Industrial,配饰腰背,日常便服,工业,ApparelUtility,layer,默认/待裁决
Apparel_PackTox,tox pack,(原版 Data),上游补丁(Core),Industrial,配饰腰背,日常便服,工业,ApparelUtility,layer,默认/待裁决
Apparel_Pants,Modern Striped Suspenders,(原版 Data),上游补丁(Core),Industrial,下衣裤裙,日常便服,工业,UrbanPantsCat,旧分类,默认/待裁决
Apparel_Parka,Parka,HMC Vile's Pre-Industrial,上游补丁,Medieval,躯干外衣,日常便服,中世纪,UpperOverdressCat,旧分类,默认/待裁决
Apparel_ParkaB,Quilted Jacket,HMC Vile's Pre-Industrial,上游补丁,Medieval,躯干外衣,战斗护甲,中世纪,UpperOverdressCat|ShellLayerCat|SetCommoner,旧分类,护甲值/甲类
Apparel_PersonalNanoShield,Nanite Shield Modulator,Core_SK,上游补丁,Spacer,配饰腰背,战术装备,太空,SpecialApparelCat,layer,旧分类
Apparel_PilotVisor,Shuttle Pilot's Visor,Core_SK,上游补丁,Spacer,配饰腰背,装饰饰品,太空,AccessoriesCat,旧分类,旧分类
Apparel_PlateArmor,Plate Armor,HMC Vile's Pre-Industrial,上游补丁,Medieval,全身连体,战斗护甲,中世纪,LightFullArmorCat|SetMedieval,旧分类,护甲值/甲类
Apparel_Poncho,Poncho,Core_SK,上游补丁,Medieval,躯干外衣,战斗护甲,中世纪,UpperOverdressCat|SetBandit,旧分类,战斗套装
Apparel_PowerArmor,Heavy Power Armor,(原版 Data),上游补丁(Core),Spacer,全身连体,战斗护甲,太空,HeavyFullArmorCat|Setpowerarmor,旧分类,护甲值/甲类
Apparel_PowerArmorHelmet,Heavy Power Armor Helmet,(原版 Data),上游补丁(Core),Spacer,头部,战斗护甲,太空,HeavyHelmetsCat|Setpowerarmor,旧分类,护甲值/甲类
Apparel_PsychicFoilHelmet,Psychic Foil Helmet,(原版 Data),上游补丁(Core),Spacer,头部,职业劳作,太空,SpecialHelmetsCat,旧分类,特化头具
Apparel_PsychicInsanityLance,psychic insanity lance,(原版 Data),上游补丁(Core),Archotech,配饰腰背,战术装备,远古(Archotech),ApparelUtility,layer,人工裁决
Apparel_PsychicShockLance,psychic shock lance,(原版 Data),上游补丁(Core),Archotech,配饰腰背,战术装备,远古(Archotech),ApparelUtility,layer,人工裁决
Apparel_PsyfocusHelmet,eltex helmet,(原版 Data),上游补丁(Core),Ultra,头部,战斗护甲,极致,SpecialHelmetsCat,旧分类,护甲值/甲类
Apparel_PsyfocusRobe,eltex robe,(原版 Data),上游补丁(Core),Ultra,躯干外衣,战斗护甲,极致,UpperOverdressCat,旧分类,护甲值
Apparel_PsyfocusShirt,eltex shirt,(原版 Data),上游补丁(Core),Ultra,全身连体,战斗护甲,极致,FullBodySuitsCat,旧分类,护甲值
Apparel_PsyfocusVest,eltex vest,(原版 Data),上游补丁(Core),Ultra,躯干外衣,战斗护甲,极致,VestsCat,旧分类,护甲值/甲类
Apparel_QuiltedJacket,Quilted Jacket,Core_SK,上游补丁,Medieval,躯干外衣,职业劳作,中世纪,UpperOverdressCat,旧分类,label
Apparel_RadiationMask,Radiation mask,Rimatomics_SK,上游补丁,Industrial,头部,战术装备,工业,SpecialApparelCat|SetChemicalProtectionSuit,layer,旧分类
Apparel_RadiationSuit,radiation suit,Rimatomics_SK,上游补丁,Industrial,躯干外衣,战术装备,工业,SpecialApparelCat|SetChemicalProtectionSuit,layer,旧分类
Apparel_RagDress,Blacksmith's Apron,Core_SK,上游补丁,Neolithic,躯干外衣,战斗护甲,原始,MiddleLayerCat|SetMedieval|SetCommoner|SetSmith,旧分类,护甲值/甲类
Apparel_RagDressB,Patchwork Garment,HMC Vile's Pre-Industrial,上游补丁,Neolithic,全身连体,日常便服,原始,BodySuitsCat|BaseLayerCat|SetMedieval|SetCommoner,旧分类,默认/待裁决
Apparel_RagTunic,Ragged Tunic,Core_SK,上游补丁,Neolithic,全身连体,战斗护甲,原始,FullBodySuitsCat|SetBandit,旧分类,战斗套装
Apparel_Respirator,respirator,Core_SK,上游补丁,Industrial,面饰眼部,环境防护,工业,GasMasksCat,旧分类,旧分类
Apparel_Robe,robe,(原版 Data),上游补丁(Core),Medieval,躯干外衣,礼仪贵族,中世纪,ApparelNoble|SetNoble,layer,旧分类
Apparel_RobeRoyal,prestige robe,(原版 Data),上游补丁(Core),Medieval,躯干外衣,礼仪贵族,中世纪,ApparelNoble|SetNoble,layer,旧分类
Apparel_Sash,sash,(原版 Data),上游补丁(Core),Industrial,躯干外衣,日常便服,工业,ApparelMisc,layer,旧分类
Apparel_Shadecone,shadecone,(原版 Data),上游补丁(Core),Medieval,头部,日常便服,中世纪,HeaddressCat,旧分类,默认/待裁决
Apparel_ShieldBelt,shield belt,(原版 Data),上游补丁(Core),Spacer,配饰腰背,战术装备,太空,SpecialApparelCat|ApparelUtility,layer,旧分类
Apparel_ShieldGuardian,guardian shield,Core_SK,上游补丁,,配饰腰背,战术装备,未标,SpecialApparelCat|ApparelUtility,layer,旧分类
Apparel_ShirtRuffle,formal shirt,(原版 Data),上游补丁(Core),Medieval,贴身内衣,礼仪贵族,中世纪,ApparelNoble|SetNoble,layer,旧分类
Apparel_SimpleDress,simple dress,Core_SK,上游补丁,Neolithic,全身连体,日常便服,原始,BodySuitsCat|SetSlaver,旧分类,默认/待裁决
Apparel_SimpleHelmet,simple helmet,(原版 Data),上游补丁(Core),Industrial,头部,战斗护甲,工业,LightHelmetsCat,旧分类,护甲值/甲类
Apparel_SkiMask,Goggled Ski Mask,Core_SK,上游补丁,Industrial,配饰腰背,装饰饰品,工业,AccessoriesCat,旧分类,旧分类
Apparel_SkulkerHood,Mail Coif,HMC Vile's Pre-Industrial,上游补丁,Medieval,头部,战斗护甲,中世纪,PreModernHelmetsCat|SetMedieval|SetHorde|SetNorbal|SetArcher|SetKnight|SetInfantry|SetMilitia,旧分类,护甲值/甲类
Apparel_Slicecap,slicecap,(原版 Data),上游补丁(Core),Medieval,头部,日常便服,中世纪,HeaddressCat,旧分类,默认/待裁决
Apparel_SmithApron,Smith apron,Core_SK,上游补丁,Industrial,躯干外衣,职业劳作,工业,VestsCat|SetSmith|SetMiner|SetHarvester,旧分类,职业套装
Apparel_SmokepopBelt,smokepop belt,(原版 Data),上游补丁(Core),Industrial,配饰腰背,战术装备,工业,SpecialApparelCat|ApparelUtility,layer,旧分类
Apparel_Sunshades,Sunshades,Core_SK,上游补丁,Industrial,配饰腰背,装饰饰品,工业,AccessoriesCat,旧分类,旧分类
Apparel_TacticalMask,Marine Tactical Mask,Core_SK,上游补丁,Industrial,头部,战斗护甲,工业,MilitaryHeaddressCat|Setmarinearmor,旧分类,护甲值/甲类
Apparel_Tailcap,tailcap,(原版 Data),上游补丁(Core),Medieval,头部,日常便服,中世纪,HeaddressCat,旧分类,默认/待裁决
Apparel_ThermoCoat,Thermocoat,Core_SK,上游补丁,Spacer,躯干外衣,环境防护,太空,UpperOverdressCat,旧分类,人工裁决
Apparel_ThumperHood,Horde Helmet,HMC Vile's Pre-Industrial,上游补丁,Medieval,头部,战斗护甲,中世纪,PreModernHelmetsCat|SetHorde|SetArcher|SetLeader,旧分类,护甲值/甲类
Apparel_TortureCrown,torture crown,(原版 Data),上游补丁(Core),Medieval,头部,职业劳作,中世纪,SpecialHelmetsCat,旧分类,特化头具
Apparel_TraderCoat,Trader's coat,Core_SK,上游补丁,Medieval,躯干外衣,日常便服,中世纪,UpperOverdressCat,旧分类,默认/待裁决
Apparel_TribalA,Tribal Wear,HMC Vile's Pre-Industrial,上游补丁,Neolithic,下衣裤裙,日常便服,原始,UrbanPantsCat,旧分类,默认/待裁决
Apparel_TribalHeaddress,Feathered Headdress,HMC Vile's Pre-Industrial,上游补丁,Neolithic,头部,日常便服,原始,AnimalHeaddressCat,旧分类,默认/待裁决
Apparel_TribalShoulderpads,Tribal shoulderpads,Core_SK,上游补丁,Neolithic,躯干外衣,战斗护甲,原始,UpperOverdressCat,旧分类,护甲值
Apparel_TunicFine,Kirtle,Core_SK,上游补丁,Medieval,躯干外衣,战斗护甲,中世纪,MiddleLayerCat|SetMedieval|SetCommoner|SetTailor|SetSlaver,旧分类,护甲值/甲类
Apparel_TunicPoor,Work Tunic,Core_SK,上游补丁,Medieval,躯干外衣,战斗护甲,中世纪,MiddleLayerCat|SetMedieval|SetCommoner|SetSlaver|SetHarvester,旧分类,护甲值/甲类
Apparel_Tuque,Fancy Bandana,(原版 Data),上游补丁(Core),Industrial,头部,战斗护甲,工业,HeaddressCat|SetBandit,旧分类,战斗套装
Apparel_UrbanShirt,Urban Shirt,Core_SK,上游补丁,Industrial,全身连体,战斗护甲,工业,BodySuitsCat|SetBandit,旧分类,战斗套装
Apparel_Vacsuit,vacsuit,(原版 Data),上游补丁(Core),Spacer,躯干外衣,战术装备,太空,SpecialApparelCat,layer,旧分类
Apparel_VacsuitChildren,kid vacsuit,(原版 Data),上游补丁(Core),Spacer,躯干外衣,战术装备,太空,SpecialApparelCat|KidsApparel,layer,旧分类
Apparel_VacsuitHelmet,vacsuit helmet,(原版 Data),上游补丁(Core),Spacer,头部,战斗护甲,太空,SpecialHelmetsCat,旧分类,护甲值/甲类
Apparel_VestRoyal,formal vest,(原版 Data),上游补丁(Core),Medieval,躯干外衣,礼仪贵族,中世纪,ApparelNoble|VestsCat|SetNoble,旧分类,旧分类
Apparel_VicScullery,scullery maid uniform,Core_SK,上游补丁,Industrial,全身连体,职业劳作,工业,FullBodySuitsCat|SetSlaver,旧分类,label
Apparel_VisageMask,visage mask,(原版 Data),上游补丁(Core),Neolithic,头部,日常便服,原始,HeaddressCat,旧分类,默认/待裁决
Apparel_WandererPlate,Wanderer's chestplate,Core_SK,上游补丁,Medieval,躯干外衣,战斗护甲,中世纪,LightUpperArmorCat|SetMedieval,旧分类,护甲值/甲类
Apparel_WarMask,War Mask,HMC Vile's Pre-Industrial,上游补丁,Neolithic,头部,战斗护甲,原始,AnimalHeaddressCat|SetBandit,旧分类,战斗套装
Apparel_WarVeil,Chitin Head Garment,HMC Vile's Pre-Industrial,上游补丁,Neolithic,头部,战斗护甲,原始,AnimalHeaddressCat,旧分类,护甲值
Apparell_ArcticWolfHood,Beasthead Cowl,HMC Vile's Pre-Industrial,上游补丁,Neolithic,头部,职业劳作,原始,AnimalHeaddressCat|SetAnimalHandler,旧分类,职业套装
Apparello_Brocade,Jerkin,HMC Vile's Pre-Industrial,上游补丁,Medieval,躯干外衣,战斗护甲,中世纪,UpperOverdressCat|ShellLayerCat|SetLeader,旧分类,护甲值/甲类
Apparello_Clawboots,Caligae Boots,HMC Vile's Pre-Industrial,上游补丁,Neolithic,鞋靴,日常便服,原始,BootsCat|SetMilitia|SetLegion|SetNeolithic,旧分类,默认/待裁决
Apparello_Furxhood,Fur Head Garment,HMC Vile's Pre-Industrial,上游补丁,Neolithic,头部,日常便服,原始,AnimalHeaddressCat,旧分类,默认/待裁决
Apparello_Holdem,Fancy Breeches,HMC Vile's Pre-Industrial,上游补丁,Medieval,下衣裤裙,日常便服,中世纪,PantsCat|UrbanPantsCat|SetMedieval|SetCommoner|SetLeader,旧分类,默认/待裁决
Apparello_HornedHead,Bevored Sallet,HMC Vile's Pre-Industrial,上游补丁,Medieval,头部,战斗护甲,中世纪,PreModernHelmetsCat|SetMedieval|SetKnight,旧分类,护甲值/甲类
Apparello_MetalBoots,Sabaton Boots,HMC Vile's Pre-Industrial,上游补丁,Medieval,鞋靴,战斗护甲,中世纪,BootsCat|SetMedieval|SetKnight|SetLeader,旧分类,护甲值/甲类
Apparello_MojoFeather,Royal Armet,HMC Vile's Pre-Industrial,上游补丁,Medieval,头部,战斗护甲,中世纪,PreModernHelmetsCat|SetMedieval|SetLeader,旧分类,护甲值/甲类
Apparello_Moron,Burgonet,HMC Vile's Pre-Industrial,上游补丁,Medieval,头部,战斗护甲,中世纪,PreModernHelmetsCat|SetMedieval|SetArcher|SetInfantry|SetMilitia,旧分类,护甲值/甲类
Apparello_NorbalArcher,Sallet,HMC Vile's Pre-Industrial,上游补丁,Medieval,头部,战斗护甲,中世纪,PreModernHelmetsCat|SetMedieval|SetArcher|SetInfantry,旧分类,护甲值/甲类
Apparello_NorbalKing,Antlered Fur Cap,HMC Vile's Pre-Industrial,上游补丁,Neolithic,头部,职业劳作,原始,AnimalHeaddressCat|SetAnimalHandler,旧分类,职业套装
Apparello_NorbalMuffshoes,Sandals,HMC Vile's Pre-Industrial,上游补丁,Neolithic,鞋靴,日常便服,原始,BootsCat|SetCommoner|SetNeolithic|SetFeudal,旧分类,默认/待裁决
Apparello_NorbalThunder,Legion Galea,HMC Vile's Pre-Industrial,上游补丁,Medieval,头部,战斗护甲,中世纪,PreModernHelmetsCat|SetLegion,旧分类,护甲值/甲类
Apparello_NorbalWarrior,Great Helm,HMC Vile's Pre-Industrial,上游补丁,Medieval,头部,战斗护甲,中世纪,PreModernHelmetsCat|SetMedieval|SetKnight,旧分类,护甲值/甲类
Apparello_PonPon,Poncho,HMC Vile's Pre-Industrial,上游补丁,Industrial,躯干外衣,战斗护甲,工业,UpperOverdressCat|SetBandit,旧分类,战斗套装
Apparello_Rimramhood,Wicker Armor,HMC Vile's Pre-Industrial,上游补丁,Neolithic,躯干外衣,战斗护甲,原始,ShellPartialArmorCat|SetNeolithic,旧分类,护甲值/甲类
Apparello_Sheet,Mail Shirt,HMC Vile's Pre-Industrial,上游补丁,Medieval,躯干外衣,战斗护甲,中世纪,MiddleArmorCat|SetMedieval|SetNorbal|SetKnight|SetInfantry|SetMilitia|SetLeader|SetArcher,旧分类,护甲值/甲类
Apparello_Shoes,Shoes,HMC Vile's Pre-Industrial,上游补丁,Medieval,鞋靴,日常便服,中世纪,BootsCat|SetMedieval,旧分类,默认/待裁决
Apparello_Slughood,Barbute,HMC Vile's Pre-Industrial,上游补丁,Medieval,头部,战斗护甲,中世纪,SetMedieval|SetNorbal|SetKnight|SetInfantry,layer,护甲值/甲类
Apparello_Snorkhood,Tusk Helmet,HMC Vile's Pre-Industrial,上游补丁,Neolithic,头部,战斗护甲,原始,PreModernHelmetsCat|SetLeader,旧分类,护甲值/甲类
Apparello_Snowboots,Snow Boots,HMC Vile's Pre-Industrial,上游补丁,Neolithic,鞋靴,日常便服,原始,BootsCat|SetMilitia|SetNeolithic,旧分类,默认/待裁决
Apparello_Syndicatellorare,Cuirass,HMC Vile's Pre-Industrial,上游补丁,Medieval,躯干外衣,战斗护甲,中世纪,ShellPartialArmorCat|SetMedieval|SetInfantry|SetArcher|SetMilitia,旧分类,护甲值/甲类
Apparello_Tribalpad,Rod-and-Slat Armor,HMC Vile's Pre-Industrial,上游补丁,Neolithic,躯干外衣,战斗护甲,原始,CombinedArmorCat|SetNeolithic,旧分类,护甲值/甲类
Apparello_Tunic,Overtunic,HMC Vile's Pre-Industrial,上游补丁,Medieval,躯干外衣,战斗护甲,中世纪,UpperOverdressCat|ShellLayerCat|SetMedical|SetCommoner,旧分类,护甲值/甲类
Apparello_Vandal,coif,HMC Vile's Pre-Industrial,上游补丁,Medieval,头部,日常便服,中世纪,HeaddressCat|SetSlaver,旧分类,默认/待裁决
Apparello_ohlala,Shimmering Crown,HMC Vile's Pre-Industrial,上游补丁,Neolithic,头部,日常便服,原始,HeaddressCat|SetLeader,旧分类,默认/待裁决
Armor_AlloyVest,Alloy Vest,Core_SK,上游补丁,Spacer,躯干外衣,战斗护甲,太空,VestsCat,旧分类,护甲值/甲类
Armor_Brigandine,Brigandine,Core_SK,上游补丁,Medieval,全身连体,战斗护甲,中世纪,LightFullArmorCat|SetMedieval,旧分类,护甲值/甲类
Armor_CQC,Close Quarters Combat Armor,Core_SK,上游补丁,Spacer,全身连体,战斗护甲,太空,HeavyFullArmorCat|SetCombatarmor,旧分类,护甲值/甲类
Armor_CloakedHauberk,Scaled Warlord Hauberk,Core_SK,上游补丁,Medieval,全身连体,战斗护甲,中世纪,LightFullArmorCat|SetMedieval,旧分类,护甲值/甲类
Armor_ColonialMarine,Marine Personal Armor,Core_SK,上游补丁,Industrial,全身连体,战斗护甲,工业,MediumFullArmorCat|Setmarinearmor,旧分类,护甲值/甲类
Armor_Commando,Commando Armor,Core_SK,上游补丁,Spacer,全身连体,战斗护甲,太空,MediumFullArmorCat|SetInteractor,旧分类,护甲值/甲类
Armor_FeralPlateCrude,Feral Plate Armor,Core_SK,上游补丁,Medieval,全身连体,战斗护甲,中世纪,LightFullArmorCat,旧分类,护甲值/甲类
Armor_FeralPlateImproved,Spiked Feral Plate Armor,Core_SK,上游补丁,Medieval,全身连体,战斗护甲,中世纪,LightFullArmorCat,旧分类,护甲值/甲类
Armor_Hauberk,Hauberk,Core_SK,上游补丁,Medieval,躯干外衣,战斗护甲,中世纪,VestsCat|SetMedieval,旧分类,护甲值/甲类
Armor_HauberkScaled,Scaled Hauberk,Core_SK,上游补丁,Medieval,全身连体,战斗护甲,中世纪,LightFullArmorCat|SetMedieval,旧分类,护甲值/甲类
Armor_HellPowerArmor,Hell Armor,Core_SK,上游补丁,Spacer,全身连体,战斗护甲,太空,HeavyFullArmorCat|Setpowerarmor,旧分类,护甲值/甲类
Armor_Hive,Hive Armor,Core_SK,上游补丁,Spacer,全身连体,战斗护甲,太空,HeavyFullArmorCat|Sethivearmor,旧分类,护甲值/甲类
Armor_InteractorCloak,Interactor Cloak,Core_SK,上游补丁,Spacer,全身连体,战斗护甲,太空,LightFullArmorCat|SetInteractor,旧分类,护甲值/甲类
Armor_Interstellar,Interstellar Armor,Core_SK,上游补丁,Spacer,全身连体,战斗护甲,太空,HeavyFullArmorCat|SetInteractor,旧分类,护甲值/甲类
Armor_PaddedVest,Padded Vest,Core_SK,上游补丁,Medieval,躯干外衣,战斗护甲,中世纪,VestsCat,旧分类,护甲值/甲类
Armor_PhaseArmor,Phase Armor,Core_SK,上游补丁,Spacer,全身连体,战斗护甲,太空,MediumFullArmorCat,旧分类,护甲值/甲类
Armor_PlateArmor,Full Plate Armor,Core_SK,上游补丁,Medieval,全身连体,战斗护甲,中世纪,LightFullArmorCat|SetMedieval,旧分类,护甲值/甲类
Armor_PlateVest,Plate Vest,Core_SK,上游补丁,Medieval,躯干外衣,战斗护甲,中世纪,VestsCat|SetMedieval,旧分类,护甲值/甲类
Armor_PowerArmorLight,Light Power Armor,Core_SK,上游补丁,Spacer,躯干外衣,战斗护甲,太空,LightUpperArmorCat|Setpowerarmor,旧分类,护甲值/甲类
Armor_PowerArmorMedium,Medium Power Armor,Core_SK,上游补丁,Spacer,躯干外衣,战斗护甲,太空,MediumUpperArmorCat|Setpowerarmor,旧分类,护甲值/甲类
Armor_Siege,Siege Armor,Core_SK,上游补丁,Spacer,全身连体,战斗护甲,太空,HeavyFullArmorCat|SetSiegearmor,旧分类,护甲值/甲类
Armor_SkynetCloak,Skynet Cloak,Core_SK,上游补丁,Spacer,躯干外衣,战斗护甲,太空,LightUpperArmorCat,旧分类,护甲值/甲类
Armor_Steamhull,Steamhull Armor,Core_SK,上游补丁,Spacer,全身连体,战斗护甲,太空,HeavyFullArmorCat|Setsteamarmor,旧分类,护甲值/甲类
Armor_SyndicateCoat,Syndicate Coat,Core_SK,上游补丁,Spacer,躯干外衣,战斗护甲,太空,LightUpperArmorCat|SetSyndicate,旧分类,护甲值/甲类
Armor_TacticalVest,Tactical Vest,Core_SK,上游补丁,Industrial,躯干外衣,战斗护甲,工业,VestsCat,旧分类,护甲值/甲类
Boots_Clawed,Clawed Boots,Core_SK,上游补丁,Neolithic,鞋靴,日常便服,原始,BootsCat,旧分类,默认/待裁决
Boots_Combat,Combat Boots,Core_SK,上游补丁,Industrial,鞋靴,战斗护甲,工业,BootsCat,旧分类,护甲值/甲类
Boots_Fur,Fur Boots,Core_SK,上游补丁,Neolithic,鞋靴,日常便服,原始,BootsCat|SetMedieval,旧分类,默认/待裁决
Boots_Metal,Metal Boots,Core_SK,上游补丁,Medieval,鞋靴,战斗护甲,中世纪,BootsCat,旧分类,护甲值/甲类
Boots_Plated,Plated Boots,Core_SK,上游补丁,Medieval,鞋靴,战斗护甲,中世纪,BootsCat|SetMedieval,旧分类,护甲值/甲类
Boots_Shoes,Shoes,Core_SK,上游补丁,Medieval,鞋靴,日常便服,中世纪,BootsCat,旧分类,默认/待裁决
Boots_Snow,Snow Boots,Core_SK,上游补丁,Neolithic,鞋靴,日常便服,原始,BootsCat|SetMedieval,旧分类,默认/待裁决
Boots_Speed,Speed Boots,Core_SK,上游补丁,Spacer,鞋靴,战斗护甲,太空,BootsCat|Setpowerarmor,旧分类,护甲值/甲类
Boots_Spurred,Spurred Boots,Core_SK,上游补丁,Industrial,鞋靴,日常便服,工业,BootsCat,旧分类,默认/待裁决
Boots_Techno,Techno Boots,Core_SK,上游补丁,Spacer,鞋靴,战斗护甲,太空,BootsCat|Setpowerarmor,旧分类,护甲值/甲类
Bottoms_Armored,Armored Leggings,Core_SK,上游补丁,Spacer,下衣裤裙,战斗护甲,太空,MilitaryPantsCat|SetSyndicate|SetInteractor,旧分类,护甲值/甲类
Bottoms_Combat,Combat Pants,Core_SK,上游补丁,Spacer,下衣裤裙,战斗护甲,太空,MilitaryPantsCat|SetCombatarmor|SetSiegearmor|Setpowerarmor|Sethivearmor|Setsteamarmor,旧分类,护甲值/甲类
Bottoms_Fancy,Fancy Pants,Core_SK,上游补丁,Medieval,下衣裤裙,日常便服,中世纪,UrbanPantsCat,旧分类,默认/待裁决
Bottoms_Holstered,Holstered Pants,Core_SK,上游补丁,Medieval,下衣裤裙,日常便服,中世纪,UrbanPantsCat,旧分类,默认/待裁决
Bottoms_Jeans,Jeans,Core_SK,上游补丁,Industrial,下衣裤裙,职业劳作,工业,UrbanPantsCat|SetHarvester,旧分类,职业套装
Bottoms_LeatherPants,Leather Pants,Core_SK,上游补丁,Industrial,下衣裤裙,日常便服,工业,UrbanPantsCat,旧分类,默认/待裁决
Bottoms_Loincloth,Loincloth,Core_SK,上游补丁,Neolithic,下衣裤裙,日常便服,原始,UrbanPantsCat|SetMedieval,旧分类,默认/待裁决
Bottoms_Suspenders,Suspenders,Core_SK,上游补丁,Medieval,下衣裤裙,日常便服,中世纪,UrbanPantsCat|SetMedieval,旧分类,默认/待裁决
Bottoms_SuspendersModern,Modern Suspenders,Core_SK,上游补丁,Industrial,下衣裤裙,职业劳作,工业,UrbanPantsCat|SetMiner|SetConstructor,旧分类,职业套装
Bottoms_SuspendersStriped,Striped Suspenders,Core_SK,上游补丁,Medieval,下衣裤裙,日常便服,中世纪,UrbanPantsCat|SetMedieval,旧分类,默认/待裁决
Bottoms_WorkTrousers,Work Trousers,Core_SK,上游补丁,Industrial,下衣裤裙,日常便服,工业,UrbanPantsCat,旧分类,默认/待裁决
CE_Apparel_AdvancedNightVision,advanced night vision goggles,CombatExtended,上游补丁,Industrial,配饰腰背,装饰饰品,工业,AccessoriesCat,旧分类,旧分类
CE_Apparel_Backpack,Backpack,CombatExtended,上游补丁,Industrial,配饰腰背,战术装备,工业,SpecialApparelCat,layer,旧分类
CE_Apparel_BallisticShield,ballistic shield,CombatExtended,上游补丁,Industrial,配饰腰背,战斗护甲,工业,ShieldCat|SetCombatarmor|SetSecurity|SetInteractor,旧分类,旧分类
CE_Apparel_ExoFrame,powered exoframe,CombatExtended,上游补丁,Industrial,躯干外衣,战术装备,工业,SpecialApparelCat,layer,旧分类
CE_Apparel_KidBackpack,kid backpack,CombatExtended,上游补丁,Industrial,配饰腰背,战术装备,工业,SpecialApparelCat|KidsApparel,layer,旧分类
CE_Apparel_RadioPack,radio pack,CombatExtended,上游补丁,Spacer,配饰腰背,战术装备,太空,SpecialApparelCat,layer,旧分类
CE_Apparel_SimpleNightVision,night vision monocular,CombatExtended,上游补丁,Industrial,配饰腰背,装饰饰品,工业,AccessoriesCat,旧分类,旧分类
CE_Apparel_TacVest,tactical vest,CombatExtended,上游补丁,Industrial,配饰腰背,战术装备,工业,SpecialApparelCat,layer,旧分类
CE_Apparel_TribalBackpack,tribal backpack,CombatExtended,上游补丁,Neolithic,配饰腰背,战术装备,原始,SpecialApparelCat,layer,旧分类
ChJAndroidThermalBandages,thermal wrapping,Androids,上游补丁,Neolithic,贴身内衣,日常便服,原始,Apparel,layer,默认/待裁决
ChjAndroid_ChemfuelGenerator,droid fuel generator belt,Androids,上游补丁,Medieval,配饰腰背,日常便服,中世纪,Apparel,layer,默认/待裁决
Crusaders,十字军护甲,鼠族HSK拓展,本地直改,Medieval,躯干外衣,礼仪贵族,中世纪,ApparelNoble,Zone tag,旧分类
Crusadershead,十字军轻型护盔,鼠族HSK拓展,本地直改,Medieval,头部,礼仪贵族,中世纪,ApparelNoble,Zone tag,旧分类
Gcoya_MihoAcademyLongDress,美狐修道长裙,美狐HSK拓展,本地直改,Medieval,躯干外衣,日常便服,中世纪,Miho_Apparel,layer,默认/待裁决
Gcoya_MihoClothArmor,美狐软布甲,美狐HSK拓展,本地直改,Medieval,贴身内衣,战斗护甲,中世纪,Miho_Apparel,layer,护甲值/甲类
Gcoya_MihoElegantSkirt,美狐古典典雅长裙,美狐HSK拓展,本地直改,Medieval,躯干外衣,日常便服,中世纪,Miho_Apparel,layer,默认/待裁决
Gcoya_MihoFeatherHat,美狐猎手头饰,美狐HSK拓展,本地直改,Industrial,头部,日常便服,工业,Miho_Apparel,layer,默认/待裁决
Gcoya_MihoFishingSuit,美狐渔猎粗衣,美狐HSK拓展,本地直改,Medieval,躯干外衣,日常便服,中世纪,Miho_Apparel,layer,默认/待裁决
Gcoya_MihoMedicalClothing,美狐远游医师服,美狐HSK拓展,本地直改,Medieval,躯干外衣,战斗护甲,中世纪,Miho_Apparel,layer,护甲值
Gcoya_MihoRangerServer,美狐森林猎手裙,美狐HSK拓展,本地直改,Medieval,躯干外衣,战斗护甲,中世纪,Miho_Apparel,layer,护甲值
Gcoya_MihoSkirtA,美狐裙子 A,美狐HSK拓展,本地直改,Medieval,贴身内衣,日常便服,中世纪,Miho_Apparel,layer,默认/待裁决
Gcoya_MihoSkirtArmor,美狐裙甲,美狐HSK拓展,本地直改,Industrial,躯干外衣,战斗护甲,工业,Miho_Apparel,layer,护甲值/甲类
Gcoya_MihoSteelHelmet,美狐钢盔,美狐HSK拓展,本地直改,Industrial,头部,战斗护甲,工业,Miho_Apparel,layer,护甲值/甲类
Gcoya_MihoTravelSuit,美狐热带旅行装 A,美狐HSK拓展,本地直改,Medieval,贴身内衣,日常便服,中世纪,Miho_Apparel,layer,默认/待裁决
Gcoya_MihoTribalSkirt,美狐野性部落裙,美狐HSK拓展,本地直改,Medieval,躯干外衣,日常便服,中世纪,Miho_Apparel,layer,默认/待裁决
Gloves_Chef,Oven Mitts,Core_SK,上游补丁,Industrial,手套,职业劳作,工业,GlovesCat|SetCookie,旧分类,职业套装
Gloves_Combat,Combat Gloves,Core_SK,上游补丁,Industrial,手套,战斗护甲,工业,GlovesCat,旧分类,护甲值/甲类
Gloves_DocCutters,Doctor's Cutters,Core_SK,上游补丁,Spacer,手套,战斗护甲,太空,GlovesCat|SetMedical,旧分类,护甲值/甲类
Gloves_DocPincers,Doctor's Pincers,Core_SK,上游补丁,Spacer,手套,战斗护甲,太空,GlovesCat|SetMedical,旧分类,护甲值/甲类
Gloves_Gauntlets,Gauntlets,Core_SK,上游补丁,Medieval,手套,战斗护甲,中世纪,GlovesCat|SetMedieval,旧分类,护甲值/甲类
Gloves_Injector,Injector Gloves,Core_SK,上游补丁,Spacer,手套,战斗护甲,太空,GlovesCat|SetBandit|SetCombatarmor|SetSyndicate,旧分类,护甲值/甲类
Gloves_InjectorTwo,Calmax Gloves,Core_SK,上游补丁,Spacer,手套,战斗护甲,太空,GlovesCat|SetInteractor|SetSniper,旧分类,护甲值/甲类
Gloves_Melee,Discharger Gloves,Core_SK,上游补丁,Spacer,手套,战斗护甲,太空,GlovesCat|SetCombatarmor|SetSyndicate,旧分类,护甲值/甲类
Gloves_Plated,Plated Gloves,Core_SK,上游补丁,Medieval,手套,战斗护甲,中世纪,GlovesCat|SetMedieval,旧分类,护甲值/甲类
Gloves_Power,Power Gloves,Core_SK,上游补丁,Spacer,手套,战斗护甲,太空,GlovesCat|SetSiegearmor|Setsteamarmor|Sethivearmor|SetSyndicate,旧分类,护甲值/甲类
Gloves_Reinforced,Reinforced Gloves,Core_SK,上游补丁,Industrial,手套,战斗护甲,工业,GlovesCat|SetSyndicate|SetCombatarmor,旧分类,护甲值/甲类
Gloves_Sniper,Stabilizer Gloves,Core_SK,上游补丁,Spacer,手套,战斗护甲,太空,GlovesCat|SetInteractor|SetSniper,旧分类,护甲值/甲类
Gloves_Tactical,Tactical Grips,Core_SK,上游补丁,Industrial,手套,职业劳作,工业,GlovesCat|SetSecurity|SetScout,旧分类,职业套装
Gloves_TechnoGauntlets,Techno Gauntlets,Core_SK,上游补丁,Spacer,手套,战斗护甲,太空,GlovesCat|SetSniper,旧分类,护甲值/甲类
Gloves_Worker,Leather Gloves,Core_SK,上游补丁,Medieval,手套,职业劳作,中世纪,GlovesCat|SetConstructor|SetSmith,旧分类,职业套装
Hat_ArcticWolfHood,Wolf Hood,Core_SK,上游补丁,Neolithic,头部,日常便服,原始,AnimalHeaddressCat,旧分类,默认/待裁决
Hat_Bandana,Bandana,Core_SK,上游补丁,Medieval,头部,战斗护甲,中世纪,HeaddressCat|SetBandit|SetSlaver,旧分类,战斗套装
Hat_BanditScarf,Bandit scarf,Core_SK,上游补丁,Industrial,头部,日常便服,工业,HeaddressCat,旧分类,默认/待裁决
Hat_BeanieCat,Cat Beanie,Core_SK,上游补丁,Industrial,头部,日常便服,工业,HeaddressCat,旧分类,默认/待裁决
Hat_Beret,Beret,Core_SK,上游补丁,Industrial,头部,战斗护甲,工业,HeaddressCat|SetBandit,旧分类,战斗套装
Hat_Bonnet,bonnet,Core_SK,上游补丁,Medieval,头部,日常便服,中世纪,HeaddressCat|SetSlaver,旧分类,默认/待裁决
Hat_Caravaneer,Caravaneer's hat,Core_SK,上游补丁,Medieval,头部,日常便服,中世纪,HeaddressCat,旧分类,默认/待裁决
Hat_Cardshark,Cardshark Hat,Core_SK,上游补丁,Industrial,头部,日常便服,工业,HeaddressCat,旧分类,默认/待裁决
Hat_Chef,Chef's Hat,Core_SK,上游补丁,Industrial,头部,职业劳作,工业,SpecialHelmetsCat|SetCookie,旧分类,职业套装
Hat_ChefImproved,Tinkercraft Chef's Hat,Core_SK,上游补丁,Industrial,头部,职业劳作,工业,SpecialHelmetsCat|SetCookie,旧分类,职业套装
Hat_ChimmeringCrown,Shimmering Crown,Core_SK,上游补丁,Neolithic,头部,日常便服,原始,HeaddressCat,旧分类,默认/待裁决
Hat_Coif,Coif,Core_SK,上游补丁,Medieval,头部,日常便服,中世纪,HeaddressCat|SetSlaver,旧分类,默认/待裁决
Hat_Cryptosleep,Cryptosleep hat,Core_SK,上游补丁,Industrial,头部,日常便服,工业,HeaddressCat,旧分类,默认/待裁决
Hat_DeerHood,Deer Horns Hood,Core_SK,上游补丁,Neolithic,头部,日常便服,原始,AnimalHeaddressCat,旧分类,默认/待裁决
Hat_EngineerCommLink,War Engineer's Comm-Link,Core_SK,上游补丁,Spacer,头部,战斗护甲,太空,MilitaryHeaddressCat|SetSmith,旧分类,护甲值/甲类
Hat_FeathersHeaddress,Tribal Headdress,Core_SK,上游补丁,Neolithic,头部,日常便服,原始,AnimalHeaddressCat,旧分类,默认/待裁决
Hat_Fedora,Fedora,Core_SK,上游补丁,Industrial,头部,日常便服,工业,HeaddressCat,旧分类,默认/待裁决
Hat_Fur,Fur Hat,Core_SK,上游补丁,Industrial,头部,日常便服,工业,HeaddressCat,旧分类,默认/待裁决
Hat_FurHood,Fur Hood,Core_SK,上游补丁,Neolithic,头部,日常便服,原始,AnimalHeaddressCat,旧分类,默认/待裁决
Hat_GasMask,Gas Mask,Core_SK,上游补丁,Industrial,面饰眼部,环境防护,工业,GasMasksCat,旧分类,旧分类
Hat_GasMaskElephant,Elephant Gasmask,Core_SK,上游补丁,Industrial,面饰眼部,环境防护,工业,GasMasksCat,旧分类,旧分类
Hat_HeadsetBandana,Headset with Bandana,Core_SK,上游补丁,Industrial,头部,战斗护甲,工业,MilitaryHeaddressCat|SetSecurity,旧分类,护甲值/甲类
Hat_Kubanka,Norbal Fur Hat,Core_SK,上游补丁,Medieval,头部,日常便服,中世纪,HeaddressCat,旧分类,默认/待裁决
Hat_Kufiya,Kufiya,Core_SK,上游补丁,Neolithic,头部,日常便服,原始,HeaddressCat,旧分类,默认/待裁决
Hat_MedicBandana,Medic's Bandana,Core_SK,上游补丁,Industrial,头部,职业劳作,工业,SpecialHelmetsCat|SetMedical,旧分类,职业套装
Hat_NorbalCowl,Cowl,Core_SK,上游补丁,Medieval,头部,日常便服,中世纪,HeaddressCat,旧分类,默认/待裁决
Hat_NorbalKing,Horned Cap,Core_SK,上游补丁,Medieval,头部,日常便服,中世纪,AnimalHeaddressCat,旧分类,默认/待裁决
Hat_NorbalSkullCap,Skull Cap,Core_SK,上游补丁,Medieval,头部,日常便服,中世纪,AnimalHeaddressCat,旧分类,默认/待裁决
Hat_NorbalSkullCapWinged,Winged Skullcap,Core_SK,上游补丁,Medieval,头部,日常便服,中世纪,AnimalHeaddressCat,旧分类,默认/待裁决
Hat_Officer,Officer Hat,Core_SK,上游补丁,Industrial,头部,战斗护甲,工业,MilitaryHeaddressCat,旧分类,护甲值/甲类
Hat_PlagueDoctor,plague doctor mask,Core_SK,上游补丁,Medieval,面饰眼部,环境防护,中世纪,SetMedieval|GasMasksCat,旧分类,旧分类
Hat_PsyMask,Psy Gas Mask,Core_SK,上游补丁,Industrial,面饰眼部,环境防护,工业,GasMasksCat,旧分类,旧分类
Hat_RamHood,Ram Horns Hood,Core_SK,上游补丁,Neolithic,头部,日常便服,原始,AnimalHeaddressCat,旧分类,默认/待裁决
Hat_SimpleCap,Simple Cap,Core_SK,上游补丁,Industrial,头部,战斗护甲,工业,HeaddressCat|SetBandit,旧分类,战斗套装
Hat_Sombrero,Sombrero,Core_SK,上游补丁,Industrial,头部,战斗护甲,工业,HeaddressCat|SetBandit,旧分类,战斗套装
Hat_SpeedsterCap,Speedster Cap,Core_SK,上游补丁,Spacer,头部,职业劳作,太空,HeaddressCat|SetMedical|SetHarvester,旧分类,职业套装
Hat_Straw,straw hat,Core_SK,上游补丁,Neolithic,头部,职业劳作,原始,HeaddressCat|SetHarvester,旧分类,职业套装
Hat_Surgeon,Surgeon's Headgear,Core_SK,上游补丁,Industrial,头部,职业劳作,工业,SpecialHelmetsCat|SetMedical,旧分类,职业套装
Hat_TacticalCover,Tac-Team Headcover,Core_SK,上游补丁,Industrial,头部,战斗护甲,工业,MilitaryHeaddressCat|SetSniper,旧分类,护甲值/甲类
Hat_ThickLeather,Thick Leather Hat,Core_SK,上游补丁,Neolithic,头部,日常便服,原始,AnimalHeaddressCat,旧分类,默认/待裁决
Hat_Tricorn,Tricorn,Core_SK,上游补丁,Industrial,头部,日常便服,工业,HeaddressCat,旧分类,默认/待裁决
Hat_TusksHood,Tusks Hood,Core_SK,上游补丁,Neolithic,头部,日常便服,原始,AnimalHeaddressCat,旧分类,默认/待裁决
Hat_Ushanka,Ushanka,Core_SK,上游补丁,Industrial,头部,日常便服,工业,HeaddressCat,旧分类,默认/待裁决
Hat_WoolCap,Wool Cap,Core_SK,上游补丁,Industrial,头部,日常便服,工业,HeaddressCat,旧分类,默认/待裁决
Helmet_Bascinet,Bascinet,Core_SK,上游补丁,Medieval,头部,战斗护甲,中世纪,MedievalHelmets|SetMedieval,旧分类,护甲值/甲类
Helmet_CQC,Close Quarters Combat Helmet,Core_SK,上游补丁,Spacer,头部,战斗护甲,太空,HeavyHelmetsCat|SetCombatarmor,旧分类,护甲值/甲类
Helmet_ColonialMarine,Ballistic Helmet,Core_SK,上游补丁,Industrial,头部,战斗护甲,工业,MediumHelmetsCat|Setmarinearmor,旧分类,护甲值/甲类
Helmet_ColonialMarineCamo,Camo Ballistic Helmet,Core_SK,上游补丁,Industrial,头部,战斗护甲,工业,MediumHelmetsCat|Setmarinearmor,旧分类,护甲值/甲类
Helmet_Domed,Domed Helmet,Core_SK,上游补丁,Medieval,头部,战斗护甲,中世纪,MedievalHelmets|SetMedieval,旧分类,护甲值/甲类
Helmet_Doom,Doom Helmet,Core_SK,上游补丁,Spacer,头部,战斗护甲,太空,HeavyHelmetsCat,旧分类,护甲值/甲类
Helmet_Enviro,Enviro Helmet,Core_SK,上游补丁,Spacer,头部,战斗护甲,太空,MediumHelmetsCat,旧分类,护甲值/甲类
Helmet_EnviroLight,Enviro Light Helmet,Core_SK,上游补丁,Spacer,头部,战斗护甲,太空,MediumHelmetsCat,旧分类,护甲值/甲类
Helmet_FeralGrinder,Grinder Helmet,Core_SK,上游补丁,Industrial,头部,战斗护甲,工业,MedievalHelmets,旧分类,护甲值/甲类
Helmet_FeralHusker,Husker Hood,Core_SK,上游补丁,Medieval,头部,战斗护甲,中世纪,MedievalHelmets,旧分类,护甲值/甲类
Helmet_FeralScorcher,Feral Gas Mask,Core_SK,上游补丁,Industrial,面饰眼部,环境防护,工业,GasMasksCat,旧分类,旧分类
Helmet_FeralSkulker,Skulker Hood,Core_SK,上游补丁,Medieval,头部,战斗护甲,中世纪,MedievalHelmets,旧分类,护甲值/甲类
Helmet_FeralThumper,Thumper Hood,Core_SK,上游补丁,Medieval,头部,战斗护甲,中世纪,MedievalHelmets,旧分类,护甲值/甲类
Helmet_HellPowerArmor,Hell Helmet,Core_SK,上游补丁,Spacer,头部,战斗护甲,太空,HeavyHelmetsCat|Setpowerarmor,旧分类,护甲值/甲类
Helmet_Hive,Hive Helmet,Core_SK,上游补丁,Spacer,头部,战斗护甲,太空,HeavyHelmetsCat|Sethivearmor,旧分类,护甲值/甲类
Helmet_InteractorHood,Interactor Hood,Core_SK,上游补丁,Spacer,头部,战斗护甲,太空,LightHelmetsCat|SetInteractor,旧分类,护甲值/甲类
Helmet_Kettlehat,Kettle hat,Core_SK,上游补丁,Medieval,头部,战斗护甲,中世纪,MedievalHelmets|SetMedieval,旧分类,护甲值/甲类
Helmet_Nasal,Nasal Helmet,Core_SK,上游补丁,Medieval,头部,战斗护甲,中世纪,MedievalHelmets|SetMedieval,旧分类,护甲值/甲类
Helmet_NorbalChain,Chain Helmet,Core_SK,上游补丁,Medieval,头部,战斗护甲,中世纪,MedievalHelmets|SetMedieval,旧分类,护甲值/甲类
Helmet_Phase,Phase Helmet,Core_SK,上游补丁,Spacer,头部,战斗护甲,太空,MediumHelmetsCat,旧分类,护甲值/甲类
Helmet_PowerArmorLight,Light Power Armor Helmet,Core_SK,上游补丁,Spacer,头部,战斗护甲,太空,LightHelmetsCat|Setpowerarmor,旧分类,护甲值/甲类
Helmet_PsyPrototype,PowerMind Headgear,Core_SK,上游补丁,Spacer,头部,职业劳作,太空,SpecialHelmetsCat,旧分类,特化头具
Helmet_PsyPrototypeThree,Antis Headgear,Core_SK,上游补丁,Spacer,头部,战斗护甲,太空,SpecialHelmetsCat,旧分类,护甲值/甲类
Helmet_PsyPrototypeTwo,MindBlast Headgear,Core_SK,上游补丁,Spacer,头部,战斗护甲,太空,SpecialHelmetsCat,旧分类,护甲值/甲类
Helmet_Sallet,Sallet Helmet,Core_SK,上游补丁,Medieval,头部,战斗护甲,中世纪,MedievalHelmets|SetMedieval,旧分类,护甲值/甲类
Helmet_Security,Security Helmet,Core_SK,上游补丁,Industrial,头部,战斗护甲,工业,LightHelmetsCat|SetSecurity,旧分类,护甲值/甲类
Helmet_ShuttlePilot,Shuttle Pilot Helmet,Core_SK,上游补丁,Spacer,头部,战斗护甲,太空,MediumHelmetsCat,旧分类,护甲值/甲类
Helmet_Siege,Siege Armor Helmet,Core_SK,上游补丁,Spacer,头部,战斗护甲,太空,HeavyHelmetsCat|SetSiegearmor,旧分类,护甲值/甲类
Helmet_Steamhull,Steamhull Helmet,Core_SK,上游补丁,Spacer,头部,战斗护甲,太空,HeavyHelmetsCat|Setsteamarmor,旧分类,护甲值/甲类
Helmet_SyndicateHood,Syndicate Hood,Core_SK,上游补丁,Spacer,头部,战斗护甲,太空,LightHelmetsCat|SetSyndicate,旧分类,护甲值/甲类
Helmet_Tactical,Tactical Helmet,Core_SK,上游补丁,Industrial,头部,战斗护甲,工业,MediumHelmetsCat|SetSecurity,旧分类,护甲值/甲类
Helmet_Welding,Welding Helmet,Core_SK,上游补丁,Industrial,头部,职业劳作,工业,SpecialHelmetsCat|SetSmith,旧分类,职业套装
ImperialHelmet_Vile,Legion Imperial Helm,HMC Vile's Pre-Industrial,上游补丁,Medieval,头部,战斗护甲,中世纪,PreModernHelmetsCat|SetLegion,旧分类,护甲值/甲类
JD_shield,能量力盾,鼠族HSK拓展,本地直改,Spacer,配饰腰背,战斗护甲,太空,RK_Apparel,Zone tag,护甲值/甲类
Kurin_Apparel_Underwear,,库林战狐HSK拓展,本地直改,Industrial,贴身内衣,礼仪贵族,工业,Kurin_Apparel_Underwear,layer,tag
Kurin_Kid_Hat,kurin kid hat,库林战狐HSK拓展,本地直改,Medieval,头部,日常便服,中世纪,Kurin_Apparel_Overhead,layer,默认/待裁决
Kurin_Kid_Sweater,kurin kid sweater,库林战狐HSK拓展,本地直改,Medieval,躯干外衣,日常便服,中世纪,Kurin_Apparel_Shell,layer,默认/待裁决
Kurin_Middle_Body_Armor,kurin body armor,库林战狐HSK拓展,本地直改,Industrial,躯干外衣,日常便服,工业,Kurin_Apparel_OnSkin,layer,默认/待裁决
Kurin_OnSkin_Armored_Gothic_Dress,kurin armored gothic dress,库林战狐HSK拓展,本地直改,Industrial,贴身内衣,战斗护甲,工业,Kurin_Apparel_OnSkin,layer,护甲值/甲类
Kurin_OnSkin_Bikini_Armor,kurin bikini armor,库林战狐HSK拓展,本地直改,Industrial,贴身内衣,战斗护甲,工业,Kurin_Apparel_OnSkin,layer,护甲值/甲类
Kurin_OnSkin_Black_Dress,kurin black dress,库林战狐HSK拓展,本地直改,Medieval,贴身内衣,礼仪贵族,中世纪,Kurin_Apparel_OnSkin,layer,tag
Kurin_OnSkin_Casual_Wear,kurin casual wear,库林战狐HSK拓展,本地直改,Medieval,贴身内衣,礼仪贵族,中世纪,Kurin_Apparel_OnSkin,layer,tag
Kurin_OnSkin_Chinese_Wedding_Dress,kurin Chinese Wedding Dress,库林战狐HSK拓展,本地直改,Medieval,贴身内衣,礼仪贵族,中世纪,Kurin_Apparel_OnSkin,layer,tag
Kurin_OnSkin_Cute_Dress,kurin cute dress,库林战狐HSK拓展,本地直改,Medieval,贴身内衣,礼仪贵族,中世纪,Kurin_Apparel_OnSkin,layer,tag
Kurin_OnSkin_Gothic_Dress,kurin gothic dress,库林战狐HSK拓展,本地直改,Medieval,贴身内衣,礼仪贵族,中世纪,Kurin_Apparel_OnSkin,layer,tag
Kurin_OnSkin_Hoodie,kurin hoodie,库林战狐HSK拓展,本地直改,Medieval,贴身内衣,日常便服,中世纪,Kurin_Apparel_OnSkin,layer,默认/待裁决
Kurin_OnSkin_Hot_Pants,kurin hot pants,库林战狐HSK拓展,本地直改,Medieval,贴身内衣,日常便服,中世纪,Kurin_Apparel_OnSkin,layer,默认/待裁决
Kurin_OnSkin_Kid_Shirt,kurin kid dress,库林战狐HSK拓展,本地直改,Medieval,贴身内衣,礼仪贵族,中世纪,Kurin_Apparel_OnSkin,layer,tag
Kurin_OnSkin_Luxury_Dress,kurin Luxury Dress,库林战狐HSK拓展,本地直改,Medieval,贴身内衣,礼仪贵族,中世纪,Kurin_Apparel_OnSkin,layer,tag
Kurin_OnSkin_Makeshift_Dress,kurin makeshift dress,库林战狐HSK拓展,本地直改,Medieval,贴身内衣,礼仪贵族,中世纪,Kurin_Apparel_OnSkin,layer,tag
Kurin_OnSkin_Mechanic_Clothing,kurin Mechanitor clothing,库林战狐HSK拓展,本地直改,Industrial,贴身内衣,战斗护甲,工业,Kurin_Apparel_OnSkin,layer,护甲值/甲类
Kurin_OnSkin_Military_Uniform,kurin military uniform,库林战狐HSK拓展,本地直改,Industrial,贴身内衣,战斗护甲,工业,Kurin_Apparel_OnSkin,layer,护甲值/甲类
Kurin_OnSkin_Nun_Dress,kurin nun dress,库林战狐HSK拓展,本地直改,Medieval,贴身内衣,日常便服,中世纪,Kurin_Apparel_OnSkin,layer,默认/待裁决
Kurin_OnSkin_One_Piece_Dress,kurin one piece dress,库林战狐HSK拓展,本地直改,Medieval,贴身内衣,日常便服,中世纪,Kurin_Apparel_OnSkin,layer,默认/待裁决
Kurin_OnSkin_Open_Back_Knit,kurin open back knit,库林战狐HSK拓展,本地直改,Medieval,贴身内衣,日常便服,中世纪,Kurin_Apparel_OnSkin,layer,默认/待裁决
Kurin_OnSkin_Open_Shoulder_Knit,kurin open shoulder knit,库林战狐HSK拓展,本地直改,Medieval,贴身内衣,日常便服,中世纪,Kurin_Apparel_OnSkin,layer,默认/待裁决
Kurin_OnSkin_PajamasA,kurin pajamas A,库林战狐HSK拓展,本地直改,Medieval,贴身内衣,日常便服,中世纪,Kurin_Apparel_OnSkin,layer,默认/待裁决
Kurin_OnSkin_PajamasB,kurin pajamas B,库林战狐HSK拓展,本地直改,Medieval,贴身内衣,日常便服,中世纪,Kurin_Apparel_OnSkin,layer,默认/待裁决
Kurin_OnSkin_PajamasC,kurin pajamas C,库林战狐HSK拓展,本地直改,Medieval,贴身内衣,日常便服,中世纪,Kurin_Apparel_OnSkin,layer,默认/待裁决
Kurin_OnSkin_Research_Clothing,kurin research clothing,库林战狐HSK拓展,本地直改,Industrial,贴身内衣,礼仪贵族,工业,Kurin_Apparel_OnSkin,layer,tag
Kurin_OnSkin_Seductive_Black_Dress,kurin seductive black dress,库林战狐HSK拓展,本地直改,Medieval,贴身内衣,礼仪贵族,中世纪,Kurin_Apparel_OnSkin,layer,tag
Kurin_OnSkin_Seductive_White_Dress,kurin seductive white dress,库林战狐HSK拓展,本地直改,Medieval,贴身内衣,礼仪贵族,中世纪,Kurin_Apparel_OnSkin,layer,tag
Kurin_OnSkin_Shirt,kurin shirt,库林战狐HSK拓展,本地直改,Medieval,贴身内衣,礼仪贵族,中世纪,Kurin_Apparel_OnSkin,layer,tag
Kurin_OnSkin_T_Shirt,kurin T-shirt,库林战狐HSK拓展,本地直改,Medieval,贴身内衣,礼仪贵族,中世纪,Kurin_Apparel_OnSkin,layer,tag
Kurin_OnSkin_Traditional_Coat,kurin traditional coat,库林战狐HSK拓展,本地直改,Medieval,躯干外衣,日常便服,中世纪,Kurin_Apparel_Shell,layer,默认/待裁决
Kurin_OnSkin_Traditional_Fancy_Dress,kurin traditional fancy dress,库林战狐HSK拓展,本地直改,Medieval,贴身内衣,礼仪贵族,中世纪,Kurin_Apparel_OnSkin,layer,tag
Kurin_OnSkin_Traditional_Luxury_Dress,kurin traditional luxury dress,库林战狐HSK拓展,本地直改,Medieval,贴身内衣,礼仪贵族,中世纪,Kurin_Apparel_OnSkin,layer,tag
Kurin_OnSkin_Traditional_Simple_Dress,kurin traditional simple dress,库林战狐HSK拓展,本地直改,Medieval,贴身内衣,礼仪贵族,中世纪,Kurin_Apparel_OnSkin,layer,tag
Kurin_OnSkin_Wedding_Dress_Black,kurin Black Wedding Dress,库林战狐HSK拓展,本地直改,Medieval,贴身内衣,礼仪贵族,中世纪,Kurin_Apparel_OnSkin,layer,tag
Kurin_OnSkin_Wedding_Dress_White,kurin White Wedding Dress,库林战狐HSK拓展,本地直改,Medieval,贴身内衣,礼仪贵族,中世纪,Kurin_Apparel_OnSkin,layer,tag
Kurin_OnSkin_Work_Jumpsuit,kurin work jumpsuit,库林战狐HSK拓展,本地直改,Industrial,贴身内衣,日常便服,工业,Kurin_Apparel_OnSkin,layer,默认/待裁决
Kurin_Overhead_Bikini_Armor_Headgear,kurin bikini armor headgear,库林战狐HSK拓展,本地直改,Industrial,头部,礼仪贵族,工业,Kurin_Apparel_Overhead,layer,tag
Kurin_Overhead_Black_Wedding_Headwear,kurin black wedding headwear,库林战狐HSK拓展,本地直改,Medieval,头部,日常便服,中世纪,Kurin_Apparel_Overhead,layer,默认/待裁决
Kurin_Overhead_Casual_Hair_Pin,kurin casual hair pin,库林战狐HSK拓展,本地直改,Medieval,头部,日常便服,中世纪,Kurin_Apparel_Overhead,layer,默认/待裁决
Kurin_Overhead_Chinese_Wedding_Headwear,Kurin chinese Wedding Headwear,库林战狐HSK拓展,本地直改,Medieval,头部,日常便服,中世纪,Kurin_Apparel_Overhead,layer,默认/待裁决
Kurin_Overhead_Cute_Hair_Pin,kurin cute hair pin,库林战狐HSK拓展,本地直改,Medieval,头部,礼仪贵族,中世纪,Kurin_Apparel_Overhead,layer,tag
Kurin_Overhead_Goggles,kurin goggles,库林战狐HSK拓展,本地直改,Industrial,头部,战斗护甲,工业,Kurin_Apparel_Overhead,layer,护甲值/甲类
Kurin_Overhead_Gothic_Hair_Pin,kurin gothic hair pin,库林战狐HSK拓展,本地直改,Medieval,头部,礼仪贵族,中世纪,Kurin_Apparel_Overhead,layer,tag
Kurin_Overhead_Mechanic_Goggles,kurin Mechanic Goggles,库林战狐HSK拓展,本地直改,Industrial,头部,战斗护甲,工业,Kurin_Apparel_Overhead,layer,护甲值/甲类
Kurin_Overhead_Military_Helmet,kurin Military Helmet,库林战狐HSK拓展,本地直改,Industrial,头部,战斗护甲,工业,Kurin_Apparel_Overhead,layer,护甲值/甲类
Kurin_Overhead_Summer_Hat,kurin summer hat,库林战狐HSK拓展,本地直改,Medieval,头部,日常便服,中世纪,Kurin_Apparel_Overhead,layer,默认/待裁决
Kurin_Overhead_Traditional_Hair_Pin,kurin traditional hair pin,库林战狐HSK拓展,本地直改,Medieval,头部,礼仪贵族,中世纪,Kurin_Apparel_Overhead,layer,tag
Kurin_Overhead_White_Wedding_Headwear,kurin white wedding headwear,库林战狐HSK拓展,本地直改,Medieval,头部,日常便服,中世纪,Kurin_Apparel_Overhead,layer,默认/待裁决
Kurin_Overhead_Winter_Hat,kurin winter hat,库林战狐HSK拓展,本地直改,Medieval,头部,日常便服,中世纪,Kurin_Apparel_Overhead,layer,默认/待裁决
Kurin_Portable_Bandwidth_Node,Kurin Portable Bandwidth Node,库林战狐HSK拓展,本地直改,Spacer,配饰腰背,战术装备,太空,ApparelUtility,layer,人工裁决
Kurin_Redfox_Armor,kurin redfox armor,库林战狐HSK拓展,本地直改,Industrial,躯干外衣,战斗护甲,工业,Kurin_Apparel_Shell,layer,护甲值/甲类
Kurin_Redfox_Helmet,Kurin Redfox Helmet,库林战狐HSK拓展,本地直改,Industrial,头部,战斗护甲,工业,Kurin_Apparel_Overhead,layer,护甲值/甲类
Kurin_Shell_Cardigan,kurin cardigan,库林战狐HSK拓展,本地直改,Medieval,躯干外衣,日常便服,中世纪,Kurin_Apparel_Shell,layer,默认/待裁决
Kurin_Shell_Duster,kurin duster,库林战狐HSK拓展,本地直改,Medieval,躯干外衣,日常便服,中世纪,Kurin_Apparel_Shell,layer,默认/待裁决
Kurin_Shell_Winter_Padding,kurin winter padding,库林战狐HSK拓展,本地直改,Medieval,躯干外衣,日常便服,中世纪,Kurin_Apparel_Shell,layer,默认/待裁决
Kurin_Underwear,kurin white underwear,库林战狐HSK拓展,本地直改,Medieval,贴身内衣,礼仪贵族,中世纪,Kurin_Apparel_Underwear,layer,tag
Kurin_Underwear_Black,kurin black underwear,库林战狐HSK拓展,本地直改,Medieval,贴身内衣,礼仪贵族,中世纪,Kurin_Apparel_Underwear,layer,tag
Kurin_Underwear_Prude,kurin prude underwear,库林战狐HSK拓展,本地直改,Medieval,贴身内衣,礼仪贵族,中世纪,Kurin_Apparel_Underwear,layer,tag
Kurin_Underwear_Red,kurin red underwear,库林战狐HSK拓展,本地直改,Medieval,贴身内衣,礼仪贵族,中世纪,Kurin_Apparel_Underwear,layer,tag
Kurin_Underwear_Slim,kurin slim underwear,库林战狐HSK拓展,本地直改,Medieval,贴身内衣,礼仪贵族,中世纪,Kurin_Apparel_Underwear,layer,tag
Kurin_Underwear_Striped,kurin white striped Bra,库林战狐HSK拓展,本地直改,Medieval,贴身内衣,礼仪贵族,中世纪,Kurin_Apparel_Underwear,layer,tag
Kurin_Underwear_Striped_Stuffed,kurin striped underwear,库林战狐HSK拓展,本地直改,Medieval,贴身内衣,礼仪贵族,中世纪,Kurin_Apparel_Underwear,layer,tag
Kurin_Underwear_Stuffed,kurin underwear,库林战狐HSK拓展,本地直改,Medieval,贴身内衣,礼仪贵族,中世纪,Kurin_Apparel_Underwear,layer,tag
Kurin_Waterfox_Armor,kurin waterfox skinsuit,库林战狐HSK拓展,本地直改,Industrial,贴身内衣,战斗护甲,工业,Kurin_Apparel_Underwear,layer,护甲值/甲类
MKSW,麦克斯韦MK空地装甲（内甲）,鼠族HSK拓展,本地直改,Spacer,躯干外衣,战斗护甲,太空,RK_Apparel,Zone tag,护甲值/甲类
MKSWWJ,麦克斯韦MK空地装甲（外甲）,鼠族HSK拓展,本地直改,Spacer,躯干外衣,战斗护甲,太空,RK_Apparel,Zone tag,护甲值/甲类
MKSWheat,麦克斯韦MK空地装甲全息面罩,鼠族HSK拓展,本地直改,Spacer,面饰眼部,战斗护甲,太空,RK_Apparel,Zone tag,护甲值/甲类
MedievalArmor_Gambeson,Gambeson,HMC Vile's Pre-Industrial,上游补丁,Medieval,全身连体,战斗护甲,中世纪,BodySuitsCat|BaseLayerCat|SetMedieval|SetNorbal|SetArcher|SetKnight|SetInfantry|SetMilitia|SetLeader,旧分类,护甲值
MedievalArmor_Hauberk,Mail Hauberk,HMC Vile's Pre-Industrial,上游补丁,Medieval,躯干外衣,战斗护甲,中世纪,MiddleArmorCat|SetMedieval|SetNorbal|SetKnight|SetInfantry|SetMilitia|SetLeader,旧分类,护甲值/甲类
MedievalArmor_NasalHelmet,Spangenhelm,HMC Vile's Pre-Industrial,上游补丁,Medieval,头部,战斗护甲,中世纪,PreModernHelmetsCat|SetMedieval|SetNorbal|SetMilitia,旧分类,护甲值/甲类
MedievalArmor_PlateArmor,Gothic Full Plate Armor,HMC Vile's Pre-Industrial,上游补丁,Medieval,躯干外衣,战斗护甲,中世纪,ShellFullArmorCat|SetMedieval|SetKnight,旧分类,护甲值/甲类
MedievalShield,Heater Shield,HMC Vile's Pre-Industrial,上游补丁,Medieval,配饰腰背,战斗护甲,中世纪,ShieldCat|SetKnight|SetMilitia|SetInfantry,旧分类,旧分类
MedievalTimes_Boots_Steel_Plated,Splinted Greaves,HMC Vile's Pre-Industrial,上游补丁,Medieval,鞋靴,战斗护甲,中世纪,BootsCat|SetMedieval,旧分类,护甲值/甲类
MedievalTimes_Cloak,Cloak,HMC Vile's Pre-Industrial,上游补丁,Neolithic,躯干外衣,战斗护甲,原始,UpperOverdressCat|ShellLayerCat|SetMilitia|SetCommoner|SetMedieval,旧分类,护甲值/甲类
MedievalTimes_Cloaked_Hauberk,Horde Warrior Lamellar,HMC Vile's Pre-Industrial,上游补丁,Medieval,躯干外衣,战斗护甲,中世纪,CombinedArmorCat|SetHorde|SetLeader,旧分类,护甲值/甲类
MedievalTimes_Gauntlets,Gauntlets,HMC Vile's Pre-Industrial,上游补丁,Medieval,手套,战斗护甲,中世纪,GlovesCat|SetMedieval|SetKnight|SetLeader,旧分类,护甲值/甲类
MedievalTimes_Gloves_Plated,Splinted Vambraces,HMC Vile's Pre-Industrial,上游补丁,Medieval,手套,战斗护甲,中世纪,GlovesCat|SetMedieval,旧分类,护甲值/甲类
MedievalTimes_Hauberk,Heavy Three-Quarter Armor,HMC Vile's Pre-Industrial,上游补丁,Medieval,躯干外衣,战斗护甲,中世纪,ShellPartialArmorCat|SetMedieval|SetKnight|SetInfantry,旧分类,护甲值/甲类
MedievalTimes_Helmet_Bascinet,Bascinet,HMC Vile's Pre-Industrial,上游补丁,Medieval,头部,战斗护甲,中世纪,PreModernHelmetsCat|SetMedieval|SetNorbal|SetArcher|SetInfantry,旧分类,护甲值/甲类
MedievalTimes_Helmet_Domed,Kabuto,HMC Vile's Pre-Industrial,上游补丁,Medieval,头部,战斗护甲,中世纪,PreModernHelmetsCat|SetFeudal|SetMilitia,旧分类,护甲值/甲类
MedievalTimes_Helmet_Sallet,Visored Sallet,HMC Vile's Pre-Industrial,上游补丁,Medieval,头部,战斗护甲,中世纪,PreModernHelmetsCat|SetMedieval|SetKnight,旧分类,护甲值/甲类
MedievalTimes_PaddedJacket,Padded Jack,HMC Vile's Pre-Industrial,上游补丁,Medieval,躯干外衣,战斗护甲,中世纪,CombinedArmorCat|SetMedieval|SetInfantry|SetMilitia,旧分类,护甲值/甲类
MedievalTimes_Pants_Suspenders,Work Trousers,HMC Vile's Pre-Industrial,上游补丁,Medieval,下衣裤裙,日常便服,中世纪,PantsCat|SetMedieval|SetCommoner|SetSlaver,旧分类,默认/待裁决
MedievalTimes_Pants_Suspenders_Striped,Suspendered Overalls,HMC Vile's Pre-Industrial,上游补丁,Medieval,下衣裤裙,职业劳作,中世纪,PantsCat|SetMedieval|SetCommoner|SetAnimalHandler,旧分类,职业套装
MedievalTimes_Plates_Full_Cloaked,Brigandine,HMC Vile's Pre-Industrial,上游补丁,Medieval,躯干外衣,战斗护甲,中世纪,ShellPartialArmorCat|SetMedieval|SetNorbal|SetInfantry|SetMilitia|SetArcher,旧分类,护甲值/甲类
MedievalTimes_Plates_Steel_Middle,Manchira,HMC Vile's Pre-Industrial,上游补丁,Medieval,躯干外衣,战斗护甲,中世纪,MiddleArmorCat|VestsCat|SetArcher|SetFeudal,旧分类,护甲值/甲类
MedievalTimes_Shirt_Tunic,Buff Coat,HMC Vile's Pre-Industrial,上游补丁,Medieval,全身连体,战斗护甲,中世纪,BodySuitsCat|BaseLayerCat|SetMedieval|SetNorbal|SetArcher|SetKnight|SetInfantry|SetMilitia|SetLeader,旧分类,护甲值
Miho_Apparel_Hat_EltexCaptain,미호 엘텍스 장교모,美狐HSK拓展,本地直改,Medieval,头部,战斗护甲,中世纪,Miho_Headgear,Zone tag,护甲值/甲类
Miho_Apparel_Hat_Militia,미호 트루퍼 헬멧,美狐HSK拓展,本地直改,Medieval,头部,战斗护甲,中世纪,Miho_Headgear,Zone tag,护甲值/甲类
Miho_Apparel_Hat_MilitiaEar,미호 트루퍼 헬멧 (귀),美狐HSK拓展,本地直改,Medieval,头部,战斗护甲,中世纪,Miho_Headgear,Zone tag,护甲值/甲类
Miho_Apparel_Hat_MilitiaMedic,미호 메딕 헬멧,美狐HSK拓展,本地直改,Medieval,头部,日常便服,中世纪,Miho_Headgear,Zone tag,默认/待裁决
Miho_Apparel_Hat_MilitiaShoot,미호 트루퍼 헬멧,美狐HSK拓展,本地直改,Medieval,头部,日常便服,中世纪,Miho_Headgear,Zone tag,默认/待裁决
Miho_Apparel_Hat_MilitiaVegi,미호 트루퍼 헬멧 (야채),美狐HSK拓展,本地直改,Medieval,头部,战斗护甲,中世纪,Miho_Headgear,Zone tag,护甲值/甲类
Miho_Apparel_Hat_PMC,미호 정예 트루퍼 헬멧,美狐HSK拓展,本地直改,Medieval,头部,战斗护甲,中世纪,Miho_Headgear,Zone tag,护甲值/甲类
Miho_Apparel_Hat_Pariah,미호 퍼라이어 배틀 헬멧,美狐HSK拓展,本地直改,Medieval,头部,战斗护甲,中世纪,Miho_Headgear,Zone tag,护甲值/甲类
Miho_Apparel_Hat_ShooterCap,미호 택티컬 캡,美狐HSK拓展,本地直改,Medieval,头部,战斗护甲,中世纪,Miho_Headgear,Zone tag,护甲值
Miho_Apparel_Hat_Sorceress,미호 소서리스모,美狐HSK拓展,本地直改,Medieval,头部,战斗护甲,中世纪,Miho_Headgear,Zone tag,护甲值/甲类
Miho_Apparel_Hat_Vacsuit,미호 진공 방호복 헬멧,美狐HSK拓展,本地直改,Medieval,头部,战斗护甲,中世纪,Miho_Headgear,layer,护甲值/甲类
Miho_Apparel_Hat_Winter,미호 비니,美狐HSK拓展,本地直改,Medieval,头部,日常便服,中世纪,Headgear,旧分类,默认/待裁决
Miho_Apparel_Hat_Worker,미호 안전모,美狐HSK拓展,本地直改,Medieval,头部,战斗护甲,中世纪,Miho_Headgear,Zone tag,护甲值/甲类
Miho_Apparel_Mask_Eltex,미호 엘텍스 마스크,美狐HSK拓展,本地直改,Medieval,面饰眼部,战斗护甲,中世纪,Miho_Headgear,Zone tag,护甲值
Miho_Apparel_Middle_Militia,미호 트루퍼 아머,美狐HSK拓展,本地直改,Medieval,躯干外衣,日常便服,中世纪,Miho_Apparel,Zone tag,默认/待裁决
Miho_Apparel_Middle_MilitiaMedic,미호 메딕 아머,美狐HSK拓展,本地直改,Medieval,躯干外衣,日常便服,中世纪,Miho_Apparel,Zone tag,默认/待裁决
Miho_Apparel_Middle_MilitiaVest,미호 전술조끼,美狐HSK拓展,本地直改,Medieval,躯干外衣,战斗护甲,中世纪,Miho_Apparel,Zone tag,护甲值
Miho_Apparel_Middle_Militia_Tan,미호 트루퍼 아머 (tan),美狐HSK拓展,本地直改,Medieval,躯干外衣,日常便服,中世纪,Miho_Apparel,Zone tag,默认/待裁决
Miho_Apparel_Middle_Powered,미호 외골격 중갑,美狐HSK拓展,本地直改,Medieval,躯干外衣,战斗护甲,中世纪,Miho_Apparel,Zone tag,护甲值/甲类
Miho_Apparel_Middle_PoweredMechanitor,미호 메카나이터 외골격,美狐HSK拓展,本地直改,Medieval,躯干外衣,战斗护甲,中世纪,Miho_Apparel,Zone tag,护甲值
Miho_Apparel_Middle_PoweredWorker,미호 안전 외골격,美狐HSK拓展,本地直改,Medieval,躯干外衣,日常便服,中世纪,Miho_Apparel,Zone tag,默认/待裁决
Miho_Apparel_OnSkin_Celestial,미호 천상복,美狐HSK拓展,本地直改,Medieval,贴身内衣,战斗护甲,中世纪,Miho_Apparel,Zone tag,护甲值/甲类
Miho_Apparel_OnSkin_Hoodie,미호 후드,美狐HSK拓展,本地直改,Medieval,头部,日常便服,中世纪,Miho_Apparel,Zone tag,默认/待裁决
Miho_Apparel_OnSkin_Maid,미호 프렌치 메이드복,美狐HSK拓展,本地直改,Medieval,躯干外衣,日常便服,中世纪,Miho_Apparel,Zone tag,默认/待裁决
Miho_Apparel_OnSkin_Militia,미호 시큐리티 슈트,美狐HSK拓展,本地直改,Medieval,躯干外衣,战斗护甲,中世纪,Miho_Apparel,Zone tag,护甲值
Miho_Apparel_OnSkin_OrnatedCaptain,미호 엘텍스 장교복,美狐HSK拓展,本地直改,Medieval,头部,礼仪贵族,中世纪,Miho_Apparel,Zone tag,tag
Miho_Apparel_OnSkin_OrnatedMiho,미호 엘텍스 의복 (내조),美狐HSK拓展,本地直改,Medieval,躯干外衣,战斗护甲,中世纪,Miho_Apparel,Zone tag,护甲值/甲类
Miho_Apparel_OnSkin_OrnatedNomadic,미호 엘텍스 의복 (북방),美狐HSK拓展,本地直改,Medieval,躯干外衣,战斗护甲,中世纪,Miho_Apparel,Zone tag,护甲值/甲类
Miho_Apparel_OnSkin_OrnatedOne,미호 엘텍스 의복 (엔트로피 저장고),美狐HSK拓展,本地直改,Medieval,躯干外衣,战斗护甲,中世纪,Miho_Apparel,Zone tag,护甲值/甲类
Miho_Apparel_OnSkin_OrnatedTwo,미호 엘텍스 의복 (아케인 실드),美狐HSK拓展,本地直改,Medieval,躯干外衣,战斗护甲,中世纪,Miho_Apparel,Zone tag,护甲值/甲类
Miho_Apparel_OnSkin_PMC,미호 트루퍼 슈트,美狐HSK拓展,本地直改,Medieval,躯干外衣,战斗护甲,中世纪,Miho_Apparel,Zone tag,护甲值/甲类
Miho_Apparel_OnSkin_Pariah,미호 퍼라이어 배틀 슈트,美狐HSK拓展,本地直改,Medieval,躯干外衣,战斗护甲,中世纪,Miho_Apparel,Zone tag,护甲值/甲类
Miho_Apparel_OnSkin_Regular,미호 표준 정장,美狐HSK拓展,本地直改,Medieval,躯干外衣,日常便服,中世纪,Miho_Apparel,Zone tag,默认/待裁决
Miho_Apparel_OnSkin_Shirt,미호 셔츠,美狐HSK拓展,本地直改,Medieval,躯干外衣,日常便服,中世纪,Miho_Apparel,Zone tag,默认/待裁决
Miho_Apparel_OnSkin_Simple,미호 평상복,美狐HSK拓展,本地直改,Medieval,躯干外衣,日常便服,中世纪,Miho_Apparel,Zone tag,默认/待裁决
Miho_Apparel_OnSkin_Vacsuit,미호 진공 방호복,美狐HSK拓展,本地直改,Medieval,躯干外衣,战斗护甲,中世纪,ApparelArmor,旧分类,护甲值/甲类
Miho_Apparel_Shell_PMC,미호 군용 코트,美狐HSK拓展,本地直改,Medieval,躯干外衣,战斗护甲,中世纪,Miho_Apparel,Zone tag,护甲值
Miho_Apparel_Shell_Padding,미호 패딩,美狐HSK拓展,本地直改,Medieval,躯干外衣,日常便服,中世纪,Miho_Apparel,Zone tag,默认/待裁决
Miho_Apparel_Shell_Sorceress,미호 소서리스 망토,美狐HSK拓展,本地直改,Medieval,躯干外衣,礼仪贵族,中世纪,Miho_Apparel,Zone tag,tag
Miho_Apparel_Shell_Winter,미호 겨울 판초,美狐HSK拓展,本地直改,Medieval,躯干外衣,日常便服,中世纪,Miho_Apparel,Zone tag,默认/待裁决
Miho_Apparel_Special_Glasses,미호 안경,美狐HSK拓展,本地直改,Medieval,面饰眼部,日常便服,中世纪,Miho_Apparel,Zone tag,默认/待裁决
Miho_Apparel_Special_Magnifier,미호 매그니파이어,美狐HSK拓展,本地直改,Medieval,头部,日常便服,中世纪,Headgear|Miho_Apparel,旧分类,默认/待裁决
Miho_Apparel_Special_Maid,미호 프렌치 메이드 카츄샤,美狐HSK拓展,本地直改,Medieval,头部,日常便服,中世纪,Headgear|Miho_Apparel,旧分类,默认/待裁决
Miho_Apparel_Special_RoundGlasses,미호 둥근 안경,美狐HSK拓展,本地直改,Medieval,面饰眼部,日常便服,中世纪,Miho_Apparel,Zone tag,默认/待裁决
Miho_Apparel_Special_SunGlasses,미호 선글라스,美狐HSK拓展,本地直改,Medieval,面饰眼部,战斗护甲,中世纪,Miho_Apparel,Zone tag,护甲值/甲类
Miho_Apparel_Special_TacticalAssist,미호 사격보조 컴퓨터,美狐HSK拓展,本地直改,Medieval,头部,战斗护甲,中世纪,Headgear|Miho_Apparel,旧分类,护甲值/甲类
Miho_Apparel_Special_Toxmask,미호 방독면,美狐HSK拓展,本地直改,Medieval,头部,日常便服,中世纪,Headgear|Miho_Apparel,旧分类,默认/待裁决
Miho_Apparel_Special_Visor,미호 바이저,美狐HSK拓展,本地直改,Medieval,头部,战斗护甲,中世纪,Headgear|Miho_Apparel,旧分类,护甲值/甲类
Miho_Apparel_Under_Armor,미호 보호내의,美狐HSK拓展,本地直改,Medieval,贴身内衣,战斗护甲,中世纪,Miho_Apparel,Zone tag,护甲值/甲类
Miho_Apparel_Under_EltexOne,미호 엘텍스 속옷,美狐HSK拓展,本地直改,Medieval,贴身内衣,礼仪贵族,中世纪,Miho_Apparel,Zone tag,tag
Miho_Apparel_Under_EltexTalisman,미호 봉인 부적,美狐HSK拓展,本地直改,Medieval,贴身内衣,礼仪贵族,中世纪,Miho_Apparel,Zone tag,tag
Miho_Apparel_Under_Industrial,미호 속옷,美狐HSK拓展,本地直改,Medieval,贴身内衣,战斗护甲,中世纪,Miho_Apparel,Zone tag,护甲值
Miho_Apparel_Under_IndustrialBear,미호 곰돌이 속옷,美狐HSK拓展,本地直改,Medieval,贴身内衣,战斗护甲,中世纪,Miho_Apparel,Zone tag,护甲值
Miho_Apparel_Under_IndustrialBlack,미호 검은 속옷,美狐HSK拓展,本地直改,Medieval,贴身内衣,战斗护甲,中世纪,Miho_Apparel,Zone tag,护甲值
Miho_Apparel_Under_IndustrialStripe,미호 줄무늬 속옷,美狐HSK拓展,本地直改,Medieval,贴身内衣,战斗护甲,中世纪,Miho_Apparel,Zone tag,护甲值
Miho_Apparel_Under_SeasonalSanta,미호 산타복,美狐HSK拓展,本地直改,Medieval,贴身内衣,战斗护甲,中世纪,Miho_Apparel,Zone tag,护甲值
Miho_Apparel_Under_Tribal,미호 부족민 속옷,美狐HSK拓展,本地直改,Medieval,贴身内衣,战斗护甲,中世纪,Miho_Apparel,Zone tag,护甲值
Miho_Apparel_Under_TribalEltex,미호 부족 엘텍스 속옷,美狐HSK拓展,本地直改,Medieval,贴身内衣,礼仪贵族,中世纪,Miho_Apparel,Zone tag,tag
Miho_Apparel_Under_TribalTwo,미호 부족민 속옷 (B),美狐HSK拓展,本地直改,Medieval,贴身内衣,战斗护甲,中世纪,Miho_Apparel,Zone tag,护甲值
Norballo_Loincloth,Primitive Garment,HMC Vile's Pre-Industrial,上游补丁,Neolithic,全身连体,职业劳作,原始,FullBodySuitsCat|SetCommoner|SetNeolithic|SetAnimalHandler,旧分类,职业套装
Norballo_Shirt,Undershirt,HMC Vile's Pre-Industrial,上游补丁,Medieval,全身连体,日常便服,中世纪,BodySuitsCat|BaseLayerCat|SetMedieval|SetCommoner,旧分类,默认/待裁决
OAGene_SnowstormBarrette,Wind and snow hair accessories,金鼠族 HSK版本,本地直改,Medieval,头部,礼仪贵族,中世纪,RK_Headgear,Zone tag,tag
OAGene_SnowstormCloak,Rat Clan Wind and Snow Cloak,金鼠族 HSK版本,本地直改,Medieval,躯干外衣,日常便服,中世纪,RK_Apparel,Zone tag,默认/待裁决
OARK_Apparel_GravShieldBelt,Obernoia Aurea Vacuum Shield Belt,金鼠族 HSK版本,本地直改,Spacer,配饰腰背,环境防护,太空,ApparelUtility,Zone tag,人工裁决
OA_RK_Apparel_A,Oberonia Aurea one-piece dress,金鼠族 HSK版本,本地直改,Industrial,躯干外衣,战斗护甲,工业,OARatkin_Apparel,Zone tag,护甲值/甲类
OA_RK_Apparel_B,Oberonia Aurea short skirt,金鼠族 HSK版本,本地直改,Industrial,躯干外衣,战斗护甲,工业,OARatkin_Apparel,Zone tag,护甲值/甲类
OA_RK_Apparel_C,Oberonia Aurea classic long dress,金鼠族 HSK版本,本地直改,Industrial,躯干外衣,战斗护甲,工业,OARatkin_Apparel,Zone tag,护甲值/甲类
OA_RK_Apparel_D,Oberonia Aurea iris dress,金鼠族 HSK版本,本地直改,Industrial,躯干外衣,战斗护甲,工业,OARatkin_Apparel,Zone tag,护甲值/甲类
OA_RK_Apparel_E,Oberonia Aurea snow dress,金鼠族 HSK版本,本地直改,Industrial,躯干外衣,战斗护甲,工业,OARatkin_Apparel,Zone tag,护甲值/甲类
OA_RK_Apparel_F,Oberonia Aurea shawl dress,金鼠族 HSK版本,本地直改,Industrial,躯干外衣,战斗护甲,工业,OARatkin_Apparel,Zone tag,护甲值/甲类
OA_RK_Armor_Hat_A,Light Blitz combat helmet,金鼠族 HSK版本,本地直改,Industrial,头部,战斗护甲,工业,OARatkin_ArmorHeadgear,Zone tag,护甲值/甲类
OA_RK_Armor_Hat_B,Full protection Blitz combat helmet,金鼠族 HSK版本,本地直改,Industrial,头部,战斗护甲,工业,OARatkin_ArmorHeadgear,Zone tag,护甲值/甲类
OA_RK_Belt,Multifunctional utility belt,金鼠族 HSK版本,本地直改,Spacer,躯干外衣,战斗护甲,太空,OARatkin_Utility,Zone tag,护甲值
OA_RK_BlitzBelt,Blitz combat belt,金鼠族 HSK版本,本地直改,Spacer,躯干外衣,战斗护甲,太空,OARatkin_Utility,Zone tag,护甲值/甲类
OA_RK_Component_AA,Oberonia Aurea mineral detector,金鼠族 HSK版本,本地直改,Industrial,配饰腰背,战斗护甲,工业,OARatkin_Utility,Zone tag,护甲值/甲类
OA_RK_Component_AB,Colony info exchange card,金鼠族 HSK版本,本地直改,Industrial,配饰腰背,战斗护甲,工业,OARatkin_Utility,Zone tag,护甲值/甲类
OA_RK_Component_AC,Stasis factor recovery device,金鼠族 HSK版本,本地直改,Industrial,配饰腰背,战斗护甲,工业,OARatkin_Utility,Zone tag,护甲值/甲类
OA_RK_Component_D,ECM device,金鼠族 HSK版本,本地直改,Industrial,配饰腰背,战斗护甲,工业,OARatkin_Utility,Zone tag,护甲值/甲类
OA_RK_Component_E,Blitz combat smoke launcher,金鼠族 HSK版本,本地直改,Industrial,配饰腰背,战斗护甲,工业,OARatkin_Utility,Zone tag,护甲值/甲类
OA_RK_Component_F,Oberonia Aurea traveler's Kit,金鼠族 HSK版本,本地直改,Industrial,配饰腰背,战斗护甲,工业,OARatkin_Utility,Zone tag,护甲值/甲类
OA_RK_EMPBelt,Electromagnetic paralysis drop belt,金鼠族 HSK版本,本地直改,Spacer,配饰腰背,战术装备,太空,OARatkin_Utility,Zone tag,人工裁决
OA_RK_FirstAid,life support first aid kit,金鼠族 HSK版本,本地直改,Spacer,配饰腰背,职业劳作,太空,OARatkin_Utility,Zone tag,人工裁决
OA_RK_Hat_A,Oberonia Aurea square hat,金鼠族 HSK版本,本地直改,Industrial,头部,战斗护甲,工业,OARatkin_Headgear,Zone tag,护甲值/甲类
OA_RK_Hat_B,Oberonia Aurea silver-leaf hairpin,金鼠族 HSK版本,本地直改,Industrial,头部,战斗护甲,工业,OARatkin_Headgear,Zone tag,护甲值/甲类
OA_RK_Hat_C,Oberonia Aurea court silver-leaf hairpin,金鼠族 HSK版本,本地直改,Industrial,头部,战斗护甲,工业,OARatkin_Headgear,Zone tag,护甲值/甲类
OA_RK_Hat_D,Oberonia Aurea scouter,金鼠族 HSK版本,本地直改,Industrial,头部,战斗护甲,工业,OARatkin_Headgear,Zone tag,护甲值/甲类
OA_RK_Hat_E,Oberonia Aurea silver-rose hairpin,金鼠族 HSK版本,本地直改,Industrial,头部,战斗护甲,工业,OARatkin_Headgear,Zone tag,护甲值/甲类
OA_RK_LifeformDetect,lifeform detecter,金鼠族 HSK版本,本地直改,Spacer,配饰腰背,战术装备,太空,OARatkin_Utility,Zone tag,人工裁决
OA_RK_Middle,Blitz combat ballistic plate,金鼠族 HSK版本,本地直改,Industrial,躯干外衣,战斗护甲,工业,OARatkin_Utility,Zone tag,护甲值/甲类
OA_RK_New_Apparel_A,Oberonia Aurea Duplex Dress,金鼠族 HSK版本,本地直改,Industrial,躯干外衣,战斗护甲,工业,OARatkin_Apparel,Zone tag,护甲值/甲类
OA_RK_New_Apparel_B,Oberonia Aurea Classic Robe,金鼠族 HSK版本,本地直改,Industrial,躯干外衣,战斗护甲,工业,OARatkin_Apparel,Zone tag,护甲值/甲类
OA_RK_New_Apparel_C,Oberonia Aurea thick robe,金鼠族 HSK版本,本地直改,Industrial,躯干外衣,战斗护甲,工业,OARatkin_Apparel,Zone tag,护甲值/甲类
OA_RK_New_Apparel_D,Golden iris orchid patterned robe,金鼠族 HSK版本,本地直改,Industrial,躯干外衣,战斗护甲,工业,OARatkin_Apparel,Zone tag,护甲值/甲类
OA_RK_New_Apparel_E,Obernoia Aurea Birthday Ceremonial Dress,金鼠族 HSK版本,本地直改,Industrial,躯干外衣,战斗护甲,工业,OARatkin_Apparel,Zone tag,护甲值/甲类
OA_RK_New_Belt_A,EMP impact waistband,金鼠族 HSK版本,本地直改,Spacer,配饰腰背,战斗护甲,太空,OARatkin_Utility,Zone tag,护甲值/甲类
OA_RK_New_Belt_B,Oberonia Aurea Signal Belt,金鼠族 HSK版本,本地直改,Spacer,配饰腰背,战斗护甲,太空,OARatkin_Utility,Zone tag,护甲值/甲类
OA_RK_New_Component_A,Oberonia Aurea angle ruler,金鼠族 HSK版本,本地直改,Spacer,配饰腰背,战斗护甲,太空,OARatkin_Utility,Zone tag,护甲值/甲类
OA_RK_New_Component_B,Learning assistance facilities,金鼠族 HSK版本,本地直改,Spacer,配饰腰背,战斗护甲,太空,OARatkin_Utility,Zone tag,护甲值/甲类
OA_RK_New_Component_C,Oberonia Aurea Far Walker Emergency Call Equipment,金鼠族 HSK版本,本地直改,Spacer,配饰腰背,战术装备,太空,ApparelUtility,Zone tag,人工裁决
OA_RK_New_Component_D,Rotor flight tray,金鼠族 HSK版本,本地直改,Spacer,配饰腰背,战斗护甲,太空,OARatkin_Utility,Zone tag,护甲值/甲类
OA_RK_New_Hat_A,Oberonia Aurea wreath,金鼠族 HSK版本,本地直改,Industrial,头部,战斗护甲,工业,OARatkin_Headgear,Zone tag,护甲值/甲类
OA_RK_New_Hat_B,Oberonia Aurea Snow Fleece Hat,金鼠族 HSK版本,本地直改,Industrial,头部,战斗护甲,工业,OARatkin_Headgear,Zone tag,护甲值/甲类
OA_RK_New_Hat_C,Oberonia Aurea Technical Hat,金鼠族 HSK版本,本地直改,Spacer,头部,礼仪贵族,太空,OARatkin_Headgear,Zone tag,tag
OA_RK_New_Hat_D,Oberonia Aurea industrial protective helmet,金鼠族 HSK版本,本地直改,Spacer,头部,战斗护甲,太空,OARatkin_Headgear,Zone tag,护甲值/甲类
OA_RK_New_Hat_E,Oberonia Aurea Crew Hair Accessory,金鼠族 HSK版本,本地直改,Spacer,头部,礼仪贵族,太空,OARatkin_Headgear,Zone tag,tag
OA_RK_New_Professional_Uniforms_A,Oberonia Aurea Industrial Uniform,金鼠族 HSK版本,本地直改,Industrial,躯干外衣,战斗护甲,工业,OARatkin_Apparel,Zone tag,护甲值/甲类
OA_RK_New_Professional_Uniforms_B,Oberonia Aurea Technical Uniform,金鼠族 HSK版本,本地直改,Industrial,躯干外衣,礼仪贵族,工业,OARatkin_Apparel,Zone tag,tag
OA_RK_New_Professional_Uniforms_C,Oberonia Aurea Technical Officer Uniform,金鼠族 HSK版本,本地直改,Industrial,躯干外衣,礼仪贵族,工业,OARatkin_Apparel,Zone tag,tag
OA_RK_New_Professional_Uniforms_D,Oberonia Aurea Service Crew Uniform,金鼠族 HSK版本,本地直改,Industrial,躯干外衣,礼仪贵族,工业,OARatkin_Apparel,Zone tag,tag
OA_RK_New_Professional_Uniforms_E,Oberonia Aurea Technical Crew Uniform,金鼠族 HSK版本,本地直改,Industrial,躯干外衣,礼仪贵族,工业,OARatkin_Apparel,Zone tag,tag
OA_RK_New_Sandwich_A,Oberonia Aurea Industrial Vest,金鼠族 HSK版本,本地直改,Spacer,躯干外衣,战斗护甲,太空,OARatkin_Apparel,Zone tag,护甲值/甲类
OA_RK_New_Sandwich_B,Oberonia Aurea Technical Crew Satchel,金鼠族 HSK版本,本地直改,Spacer,躯干外衣,礼仪贵族,太空,OARatkin_Apparel,Zone tag,tag
OA_RK_New_Windbreaker_A,Oberonia Aurea Cloak,金鼠族 HSK版本,本地直改,Industrial,躯干外衣,战斗护甲,工业,OARatkin_Apparel,Zone tag,护甲值/甲类
OA_RK_New_Windbreaker_AA,Oberonia Aurea Birthday Ceremonial Robe,金鼠族 HSK版本,本地直改,Industrial,躯干外衣,战斗护甲,工业,OARatkin_Apparel,Zone tag,护甲值/甲类
OA_RK_New_Windbreaker_B,Oberonia Aurea Mountain Windbreaker,金鼠族 HSK版本,本地直改,Industrial,躯干外衣,礼仪贵族,工业,OARatkin_Apparel,Zone tag,tag
OA_RK_New_Windbreaker_C,Oberonia Aurea Multifunctional Coat,金鼠族 HSK版本,本地直改,Industrial,躯干外衣,礼仪贵族,工业,OARatkin_Apparel,Zone tag,tag
OA_RK_New_Windbreaker_D,Oberonia Aurea Technical Officer Coat,金鼠族 HSK版本,本地直改,Industrial,躯干外衣,战斗护甲,工业,OARatkin_Apparel,Zone tag,护甲值/甲类
OA_RK_New_Windbreaker_E,Assault Combat Skirt Armor,金鼠族 HSK版本,本地直改,Spacer,躯干外衣,战斗护甲,太空,OARatkin_Armor,Zone tag,护甲值/甲类
OA_RK_New_Windbreaker_FangzhiBUGdehouzhui,Heavy assault armor B,金鼠族 HSK版本,本地直改,Spacer,躯干外衣,战斗护甲,太空,OARatkin_Armor,Zone tag,护甲值/甲类
OA_RK_New_Windbreaker_FangzhiBUGdehouzhui_ACC,Heavy assault armor,金鼠族 HSK版本,本地直改,Spacer,躯干外衣,战斗护甲,太空,OARatkin_Armor,Zone tag,护甲值/甲类
OA_RK_New_Windbreaker_G,Full protective assault armor,金鼠族 HSK版本,本地直改,Spacer,躯干外衣,战斗护甲,太空,OARatkin_Armor,Zone tag,护甲值/甲类
OA_RK_Professional_Uniforms_A,Oberonia Aurea self-cleaning dress,金鼠族 HSK版本,本地直改,Industrial,躯干外衣,战斗护甲,工业,OARatkin_Apparel,Zone tag,护甲值/甲类
OA_RK_Professional_Uniforms_B,Oberonia Aurea ceremonial dress,金鼠族 HSK版本,本地直改,Industrial,躯干外衣,战斗护甲,工业,OARatkin_Apparel,Zone tag,护甲值/甲类
OA_RK_Professional_Uniforms_C,Oberonia Aurea court suit,金鼠族 HSK版本,本地直改,Industrial,躯干外衣,战斗护甲,工业,OARatkin_Apparel,Zone tag,护甲值/甲类
OA_RK_Professional_Uniforms_D,Blitz combat uniform,金鼠族 HSK版本,本地直改,Industrial,躯干外衣,战斗护甲,工业,OARatkin_Armor,Zone tag,护甲值/甲类
OA_RK_Professional_Uniforms_E,Oberonia Aurea research garb,金鼠族 HSK版本,本地直改,Industrial,躯干外衣,战斗护甲,工业,OARatkin_Apparel,Zone tag,护甲值/甲类
OA_RK_Sandwich_A,Oberonia Aurea ribbon,金鼠族 HSK版本,本地直改,Industrial,躯干外衣,战斗护甲,工业,OARatkin_Apparel,Zone tag,护甲值/甲类
OA_RK_Sandwich_B,Oberonia Aurea honor ribbon,金鼠族 HSK版本,本地直改,Industrial,躯干外衣,战斗护甲,工业,OARatkin_Apparel,Zone tag,护甲值/甲类
OA_RK_Sandwich_C,Shockproof vest,金鼠族 HSK版本,本地直改,Spacer,躯干外衣,战斗护甲,太空,OARatkin_Armor,Zone tag,护甲值/甲类
OA_RK_Traveller_A,Oberonia Aurea traveling robe,金鼠族 HSK版本,本地直改,Industrial,躯干外衣,战斗护甲,工业,OARatkin_Apparel,Zone tag,护甲值/甲类
OA_RK_Traveller_B,Oberonia Aurea snow coat,金鼠族 HSK版本,本地直改,Industrial,躯干外衣,战斗护甲,工业,OARatkin_Apparel,Zone tag,护甲值/甲类
OA_RK_Windbreaker_A,Oberonia Aurea long trench coat,金鼠族 HSK版本,本地直改,Industrial,躯干外衣,战斗护甲,工业,OARatkin_Apparel,Zone tag,护甲值/甲类
OA_RK_Windbreaker_B,Blizt combat trench coat,金鼠族 HSK版本,本地直改,Spacer,躯干外衣,战斗护甲,太空,OARatkin_Armor,Zone tag,护甲值/甲类
OA_RK_Windbreaker_C,Oberonia Aurea court trench coat,金鼠族 HSK版本,本地直改,Industrial,躯干外衣,战斗护甲,工业,OARatkin_Apparel,Zone tag,护甲值/甲类
OA_RK_Windbreaker_D,Oberonia Aurea shawl,金鼠族 HSK版本,本地直改,Industrial,躯干外衣,战斗护甲,工业,OARatkin_Apparel,Zone tag,护甲值/甲类
OA_RK_Windbreaker_E,Oberonia Aurea winter shawl,金鼠族 HSK版本,本地直改,Industrial,躯干外衣,战斗护甲,工业,OARatkin_Apparel,Zone tag,护甲值/甲类
OA_RK_Windbreaker_F,Oberonia Aurea winter robe,金鼠族 HSK版本,本地直改,Industrial,躯干外衣,战斗护甲,工业,OARatkin_Apparel,Zone tag,护甲值/甲类
OA_RK_Windbreaker_G,Oberonia Aurea ceremonial robe,金鼠族 HSK版本,本地直改,Industrial,躯干外衣,战斗护甲,工业,OARatkin_Apparel,Zone tag,护甲值/甲类
OrbitalTargeterBombardment,orbital bombardment targeter,(原版 Data),上游补丁(Core),Spacer,配饰腰背,战术装备,太空,ApparelUtility,layer,人工裁决
OrbitalTargeterMechCluster,orbital mech cluster targeter,(原版 Data),上游补丁(Core),Spacer,配饰腰背,战术装备,太空,ApparelUtility,layer,人工裁决
OrbitalTargeterPowerBeam,orbital power beam targeter,(原版 Data),上游补丁(Core),Spacer,配饰腰背,战术装备,太空,ApparelUtility,layer,人工裁决
RA_DetectiveDress,ratkin detective dress,鼠族HSK拓展,本地直改,Medieval,躯干外衣,日常便服,中世纪,RK_Apparel,Zone tag,默认/待裁决
RA_DetectiveHat,ratkin detective hat,鼠族HSK拓展,本地直改,Medieval,头部,日常便服,中世纪,RK_Headgear,Zone tag,默认/待裁决
RA_PaladinArmor,paladin armor,鼠族HSK拓展,本地直改,Medieval,躯干外衣,战斗护甲,中世纪,RK_Apparel,Zone tag,护甲值/甲类
RA_PaladinCoronet,paladin coronet,鼠族HSK拓展,本地直改,Medieval,头部,战斗护甲,中世纪,RK_Headgear,Zone tag,护甲值
RA_PaladinHood,paladin hood,鼠族HSK拓展,本地直改,Medieval,头部,日常便服,中世纪,RK_Headgear,Zone tag,默认/待裁决
RBPApparel_CreativeBeret,artsy beret,Roos Painting Expansion,上游补丁,Industrial,头部,日常便服,工业,HeaddressCat,旧分类,默认/待裁决
RBPApparel_Smock,smock,Roos Painting Expansion,上游补丁,Medieval,全身连体,日常便服,中世纪,BodySuitsCat,旧分类,默认/待裁决
RKHSK_Favonius_HeavySkirt,西风重裙,鼠族HSK拓展,本地直改,Industrial,下衣裤裙,战斗护甲,工业,PantsCat,旧分类,护甲值/甲类
RKHSK_Favonius_OfficerArmour,西风军官板甲,鼠族HSK拓展,本地直改,Industrial,全身连体,战斗护甲,工业,FullArmorCat,旧分类,护甲值/甲类
RKHSK_Favonius_PlateArmour,西风骑士板甲,鼠族HSK拓展,本地直改,Industrial,全身连体,战斗护甲,工业,FullArmorCat,旧分类,护甲值/甲类
RKHSK_Favonius_Underarmour,西风骑士内衣,鼠族HSK拓展,本地直改,Industrial,全身连体,战斗护甲,工业,BodySuitsCat,旧分类,护甲值/甲类
RK_AF_Fez,Albizia Fez,鼠族HSK拓展,本地直改,Industrial,头部,日常便服,工业,RK_Headgear,Zone tag,默认/待裁决
RK_AF_InfantryUniform,Albizia Infantry Uniform,鼠族HSK拓展,本地直改,Industrial,躯干外衣,战斗护甲,工业,RK_Apparel,Zone tag,护甲值/甲类
RK_Ao,Moustate winter coat (Ao),鼠族HSK拓展,本地直改,Medieval,躯干外衣,日常便服,中世纪,RK_Apparel,Zone tag,默认/待裁决
RK_Apparel_Banner,war banner,RatkinRaceHSK,上游补丁,Medieval,配饰腰背,日常便服,中世纪,RK_ThingCategory_Util,layer,默认/待裁决
RK_Apparel_ChildrenCardigan,kid cardigan,RatkinRaceHSK,上游补丁,Medieval,躯干外衣,日常便服,中世纪,RK_Apparel,layer,默认/待裁决
RK_Apparel_ChildrenSummerDress,kid summer dress,RatkinRaceHSK,上游补丁,Medieval,贴身内衣,日常便服,中世纪,RK_Apparel,layer,默认/待裁决
RK_Apparel_ChildrenWinterRobe,kid winter robe,RatkinRaceHSK,上游补丁,Medieval,躯干外衣,礼仪贵族,中世纪,RK_Apparel|RK_ApparelNoble,layer,旧分类
RK_Apparel_SpaceArmor,cataphract armor,RatkinRaceHSK,上游补丁,Spacer,躯干外衣,战斗护甲,太空,RK_ApparelArmor,layer,护甲值/甲类
RK_Apparel_SpaceArmorHelmet,cataphract helmet,RatkinRaceHSK,上游补丁,Spacer,头部,战斗护甲,太空,ArmorHeadgear|RK_ApparelArmor|RK_ArmorHeadgear,旧分类,护甲值/甲类
RK_Apparel_Vacsuit,vacsuit,RatkinRaceHSK,上游补丁,Spacer,躯干外衣,战斗护甲,太空,RK_Apparel,layer,护甲值/甲类
RK_Apparel_VacsuitChildren,kid vacsuit,RatkinRaceHSK,上游补丁,Spacer,躯干外衣,战斗护甲,太空,RK_Apparel,layer,护甲值/甲类
RK_Apparel_VacsuitHelmet,vacsuit helmet,RatkinRaceHSK,上游补丁,Spacer,头部,战斗护甲,太空,ArmorHeadgear|RK_Apparel|RK_Headgear,旧分类,护甲值/甲类
RK_ApronSkirt,apron skirt,RatkinRaceHSK,上游补丁,Medieval,贴身内衣,战斗护甲,中世纪,RK_Apparel,layer,护甲值
RK_ApronSkirtChildren,kid skirt,RatkinRaceHSK,上游补丁,Medieval,贴身内衣,日常便服,中世纪,RK_Apparel,layer,默认/待裁决
RK_Backpack,backpack,RatkinRaceHSK,上游补丁,Medieval,配饰腰背,战斗护甲,中世纪,RK_Apparel,layer,护甲值
RK_BaiGongDian,百工典 (BaiGongDian),(原版 Data),上游补丁(Core),Medieval,配饰腰背,装饰饰品,中世纪,RK_Scroll,layer,旧分类
RK_BaiZhuZaliangJi,百株杂粮集 (BaiZhuZaliangJi),(原版 Data),上游补丁(Core),Medieval,配饰腰背,装饰饰品,中世纪,RK_Scroll,layer,旧分类
RK_BanCoat,ratkin rogue's coat,鼠族HSK拓展,本地直改,Medieval,躯干外衣,日常便服,中世纪,RK_Apparel,Zone tag,默认/待裁决
RK_BanZhi,archery thumb ring,(原版 Data),上游补丁(Core),Medieval,配饰腰背,装饰饰品,中世纪,Meow_Jewelry|Meow_Ring,旧分类,旧分类
RK_Bandage,Ratkin Bandage,鼠族HSK拓展,本地直改,Medieval,面饰眼部,日常便服,中世纪,RK_Apparel,Zone tag,默认/待裁决
RK_BanleaderCoat,ratkin bandit chief fur coat,鼠族HSK拓展,本地直改,Medieval,躯干外衣,日常便服,中世纪,RK_Apparel,Zone tag,默认/待裁决
RK_BattleSuit,ratkin battlesuit,RatkinRaceHSK,上游补丁,Industrial,贴身内衣,战斗护甲,工业,RK_Apparel,layer,护甲值/甲类
RK_BattleSuitB,ratkin battlesuit,RatkinRaceHSK,上游补丁,Industrial,贴身内衣,战斗护甲,工业,RK_Apparel,layer,护甲值/甲类
RK_Bergmutze,ratkin Bergmutze,鼠族HSK拓展,本地直改,Medieval,头部,日常便服,中世纪,RK_Apparel|RK_Headgear,Zone tag,默认/待裁决
RK_BiaoShiFu,Moustate couriers uniform,鼠族HSK拓展,本地直改,Medieval,躯干外衣,职业劳作,中世纪,RK_Apparel,Zone tag,label
RK_BigBeard,Ratkin Big Beard,鼠族HSK拓展,本地直改,Medieval,头部,日常便服,中世纪,RK_Apparel,Zone tag,默认/待裁决
RK_BikerJacket,ratkin biker jacket,鼠族HSK拓展,本地直改,Medieval,躯干外衣,职业劳作,中世纪,RK_Apparel,Zone tag,label
RK_BingLi,「Ratkin Beonggeoji」,鼠族HSK拓展,本地直改,Ultra,头部,战斗护甲,极致,RK_Apparel,Zone tag,护甲值
RK_BlackMask,ratkin black mask,鼠族HSK拓展,本地直改,Medieval,头部,日常便服,中世纪,RK_Apparel|RK_Headgear,Zone tag,默认/待裁决
RK_BuDong,「Bu Dong」,鼠族HSK拓展,本地直改,Ultra,配饰腰背,战斗护甲,极致,RK_Apparel,Zone tag,护甲值
RK_BuMianJia,ratkin BuMian armor,鼠族HSK拓展,本地直改,Medieval,躯干外衣,战斗护甲,中世纪,RK_Apparel,Zone tag,护甲值
RK_BulletProofHelmet,Ratkin military helmet,RatkinRaceHSK,上游补丁,Medieval,头部,战斗护甲,中世纪,RK_Headgear,layer,护甲值/甲类
RK_CaesarCrownA,Ratkin Crown gold,鼠族HSK拓展,本地直改,Medieval,头部,礼仪贵族,中世纪,RK_Headgear,Zone tag,tag
RK_CaesarCrownB,Ratkin Crown silver,鼠族HSK拓展,本地直改,Medieval,头部,礼仪贵族,中世纪,RK_Headgear,Zone tag,tag
RK_Cardigan,cardigan,RatkinRaceHSK,上游补丁,Medieval,躯干外衣,战斗护甲,中世纪,RK_Apparel,layer,护甲值
RK_ChangShengSuo,ChangShengSuo,(原版 Data),上游补丁(Core),Medieval,配饰腰背,装饰饰品,中世纪,Meow_Jewelry|Meow_Amulet,旧分类,旧分类
RK_ChefHat,chef hat,RatkinRaceHSK,上游补丁,Medieval,头部,战斗护甲,中世纪,RK_Headgear,layer,护甲值
RK_ChefSuit,chef suit,RatkinRaceHSK,上游补丁,Medieval,贴身内衣,战斗护甲,中世纪,RK_Apparel,layer,护甲值
RK_Circlet,ratkin circlet,鼠族HSK拓展,本地直改,Medieval,头部,礼仪贵族,中世纪,RK_Headgear,Zone tag,tag
RK_Coif,coif,RatkinRaceHSK,上游补丁,Medieval,头部,日常便服,中世纪,RK_Headgear,layer,默认/待裁决
RK_CrossBack,cross back,RatkinRaceHSK,上游补丁,Medieval,配饰腰背,战斗护甲,中世纪,RK_Apparel,layer,护甲值
RK_Crusader,ratkin crusader dress,鼠族HSK拓展,本地直改,Medieval,躯干外衣,日常便服,中世纪,RK_Apparel,Zone tag,默认/待裁决
RK_DaWang,「Ratkin King's Armor」,鼠族HSK拓展,本地直改,Ultra,躯干外衣,战斗护甲,极致,RK_Apparel,Zone tag,护甲值
RK_DaoPao,Dao frock,鼠族HSK拓展,本地直改,Medieval,躯干外衣,日常便服,中世纪,RK_Apparel,Zone tag,默认/待裁决
RK_DongYi,Moustate winter coat,鼠族HSK拓展,本地直改,Medieval,躯干外衣,日常便服,中世纪,RK_Apparel,Zone tag,默认/待裁决
RK_DouLi,Moustate rain hat,鼠族HSK拓展,本地直改,Neolithic,头部,日常便服,原始,RK_Apparel|RK_Headgear,Zone tag,默认/待裁决
RK_DouMaru,SenGiTai DouMaru armor,鼠族HSK拓展,本地直改,Medieval,躯干外衣,日常便服,中世纪,RK_Apparel,Zone tag,默认/待裁决
RK_DuDouChild,ratkin child bellyband,鼠族HSK拓展,本地直改,Medieval,躯干外衣,日常便服,中世纪,RK_Apparel,Zone tag,默认/待裁决
RK_DuShiJiuRenJi,渡世救人集 (DuShiJiuRenJi),(原版 Data),上游补丁(Core),Medieval,配饰腰背,装饰饰品,中世纪,RK_Scroll,layer,旧分类
RK_DuiJinJia,ratkin DuiJin armor,鼠族HSK拓展,本地直改,Medieval,躯干外衣,日常便服,中世纪,RK_Apparel,Zone tag,默认/待裁决
RK_EU_BerndorfHelmet,Edelweiss Berndorf Helmet,鼠族HSK拓展,本地直改,Industrial,头部,战斗护甲,工业,RK_Headgear,Zone tag,护甲值/甲类
RK_EU_Hechtgrau,Edelweiss Hechtgrau,鼠族HSK拓展,本地直改,Industrial,躯干外衣,战斗护甲,工业,RK_Apparel,Zone tag,护甲值/甲类
RK_EarCostume,ratkin ear costume,RatkinRaceHSK,上游补丁,Industrial,头部,日常便服,工业,RK_Apparel,layer,默认/待裁决
RK_Earrings,earrings,鼠族HSK拓展,本地直改,Medieval,配饰腰背,装饰饰品,中世纪,Meow_Jewelry|Meow_Ring,旧分类,旧分类
RK_ExoticCloak,exotic cloak,鼠族HSK拓展,本地直改,Industrial,躯干外衣,日常便服,工业,RK_Apparel,Zone tag,默认/待裁决
RK_ExoticFarmerDress,Moustate farmer dress,鼠族HSK拓展,本地直改,Medieval,躯干外衣,日常便服,中世纪,RK_Apparel,Zone tag,默认/待裁决
RK_ExoticSimpleArmor,Moustate simple armor,鼠族HSK拓展,本地直改,Medieval,躯干外衣,日常便服,中世纪,RK_Apparel,Zone tag,默认/待裁决
RK_ExoticWarmHat,ratkin sleep rabbit hat,鼠族HSK拓展,本地直改,Medieval,头部,日常便服,中世纪,RK_Apparel|RK_Headgear,Zone tag,默认/待裁决
RK_ExplorerHat,explorer hat,RatkinRaceHSK,上游补丁,Medieval,头部,战斗护甲,中世纪,RK_Headgear,layer,护甲值
RK_ExplorerWear,explorer wear,RatkinRaceHSK,上游补丁,Medieval,贴身内衣,战斗护甲,中世纪,RK_Apparel,layer,护甲值
RK_EyeMask,Ratkin Eye Mask,鼠族HSK拓展,本地直改,Medieval,面饰眼部,日常便服,中世纪,RK_Apparel,Zone tag,默认/待裁决
RK_FangRen,defender uniform,鼠族HSK拓展,本地直改,Medieval,躯干外衣,职业劳作,中世纪,RK_Apparel,Zone tag,label
RK_FlatColorCoat,flatcolor coat,RatkinRaceHSK,上游补丁,Medieval,贴身内衣,战斗护甲,中世纪,RK_Apparel,layer,护甲值
RK_FrillOnepiece,frill onepiece,RatkinRaceHSK,上游补丁,Medieval,贴身内衣,战斗护甲,中世纪,RK_Apparel,layer,护甲值
RK_FuJin,ratkin FuJin,鼠族HSK拓展,本地直改,Medieval,头部,日常便服,中世纪,RK_Apparel|RK_Headgear,Zone tag,默认/待裁决
RK_FuriSote,Moustate furisode,鼠族HSK拓展,本地直改,Medieval,躯干外衣,日常便服,中世纪,RK_Apparel,Zone tag,默认/待裁决
RK_Gambeson,ratkin gambeson,鼠族HSK拓展,本地直改,Medieval,躯干外衣,日常便服,中世纪,RK_Apparel,Zone tag,默认/待裁决
RK_GambesonB,ratkin gambeson b,鼠族HSK拓展,本地直改,Medieval,躯干外衣,战斗护甲,中世纪,RK_Apparel,Zone tag,护甲值
RK_GangShirt,ratkin gang outfit,鼠族HSK拓展,本地直改,Medieval,躯干外衣,日常便服,中世纪,RK_Apparel,Zone tag,默认/待裁决
RK_GaoDing,Ratkin GaoDing helmet,鼠族HSK拓展,本地直改,Medieval,头部,日常便服,中世纪,RK_Apparel|RK_Headgear,Zone tag,默认/待裁决
RK_GaurdenUniform,gaurden uniform,RatkinRaceHSK,上游补丁,Medieval,贴身内衣,战斗护甲,中世纪,RK_Apparel,layer,护甲值/甲类
RK_GlassesB,Ratkin Box glasses,鼠族HSK拓展,本地直改,Medieval,面饰眼部,日常便服,中世纪,RK_Apparel,Zone tag,默认/待裁决
RK_GlassesR,Ratkin Round Glasses,鼠族HSK拓展,本地直改,Medieval,面饰眼部,日常便服,中世纪,RK_Apparel,Zone tag,默认/待裁决
RK_GoldRing,gold ring,(原版 Data),上游补丁(Core),Medieval,配饰腰背,装饰饰品,中世纪,Meow_Jewelry|Meow_Ring,旧分类,旧分类
RK_GovernorUniform,Ratkin Governor Uniform,鼠族HSK拓展,本地直改,Medieval,躯干外衣,职业劳作,中世纪,RK_Apparel,Zone tag,label
RK_GuardHat,Ratkin Guard Helmet,鼠族HSK拓展,本地直改,Medieval,头部,日常便服,中世纪,RK_Apparel,Zone tag,默认/待裁决
RK_GuardUniform,Ratkin Guard Uniform,鼠族HSK拓展,本地直改,Medieval,躯干外衣,职业劳作,中世纪,RK_Apparel,Zone tag,label
RK_GuardsmanA,ratkin defender uniform A,鼠族HSK拓展,本地直改,Medieval,躯干外衣,职业劳作,中世纪,RK_Apparel,Zone tag,label
RK_GuardsmanB,ratkin defender uniform B,鼠族HSK拓展,本地直改,Medieval,躯干外衣,战斗护甲,中世纪,RK_Apparel,Zone tag,护甲值
RK_Gusoku,ratkin Gusoku armor,鼠族HSK拓展,本地直改,Medieval,躯干外衣,日常便服,中世纪,RK_Apparel,Zone tag,默认/待裁决
RK_Hahoetal,ratkin hahoetal mask,鼠族HSK拓展,本地直改,Medieval,头部,日常便服,中世纪,RK_Apparel|RK_Headgear,Zone tag,默认/待裁决
RK_HairCorsage,hair corsage,RatkinRaceHSK,上游补丁,Medieval,头部,日常便服,中世纪,RK_Headgear,layer,默认/待裁决
RK_Haori,Moustate Haori,鼠族HSK拓展,本地直改,Medieval,躯干外衣,日常便服,中世纪,RK_Apparel,Zone tag,默认/待裁决
RK_HeChang,ratkin HeChang,鼠族HSK拓展,本地直改,Medieval,躯干外衣,日常便服,中世纪,RK_Apparel,Zone tag,默认/待裁决
RK_HeadBand,Ratkin head band,RatkinRaceHSK,上游补丁,Industrial,头部,日常便服,工业,RK_Headgear,layer,默认/待裁决
RK_HeavyShield,ratkin heavy Shield,RatkinRaceHSK,上游补丁,Medieval,配饰腰背,战斗护甲,中世纪,ShieldCat,旧分类,旧分类
RK_Hood,Ratkin Hood,鼠族HSK拓展,本地直改,Medieval,头部,日常便服,中世纪,RK_Apparel,Zone tag,默认/待裁决
RK_Hoodie,ratkin hoodie,鼠族HSK拓展,本地直改,Medieval,头部,日常便服,中世纪,RK_Apparel,Zone tag,默认/待裁决
RK_Huafu,ratkin HuaFu,鼠族HSK拓展,本地直改,Medieval,躯干外衣,日常便服,中世纪,RK_Apparel,Zone tag,默认/待裁决
RK_HuanYuPei,rim Yu-Pei,鼠族HSK拓展,本地直改,Medieval,配饰腰背,装饰饰品,中世纪,Meow_Jewelry|Meow_Amulet,旧分类,旧分类
RK_IR_AdrianHelmet,Iris Adrian Helmet,鼠族HSK拓展,本地直改,Industrial,头部,战斗护甲,工业,RK_Headgear,Zone tag,护甲值/甲类
RK_IR_CuirassierArmor,Iris Cuirassier Armor,鼠族HSK拓展,本地直改,Industrial,躯干外衣,战斗护甲,工业,RK_Apparel,Zone tag,护甲值/甲类
RK_IR_InfantryUniform,Iris Infantry Uniform,鼠族HSK拓展,本地直改,Industrial,躯干外衣,战斗护甲,工业,RK_Apparel,Zone tag,护甲值/甲类
RK_JiaAoChild,ratkin lined jacket,鼠族HSK拓展,本地直改,Medieval,躯干外衣,职业劳作,中世纪,RK_Apparel,Zone tag,label
RK_Jinngasa,ratkin Jinngasa,鼠族HSK拓展,本地直改,Medieval,头部,日常便服,中世纪,RK_Apparel|RK_Headgear,Zone tag,默认/待裁决
RK_Jirai,ratkin jirai outfit,鼠族HSK拓展,本地直改,Medieval,躯干外衣,日常便服,中世纪,RK_Apparel,Zone tag,默认/待裁决
RK_JiuHulu,ratkin booze gourd,鼠族HSK拓展,本地直改,Medieval,配饰腰背,日常便服,中世纪,RK_Apparel,Zone tag,默认/待裁决
RK_KB_AssaultEquipment,Kornblume Assault Equipment,鼠族HSK拓展,本地直改,Industrial,躯干外衣,日常便服,工业,RK_Apparel,layer,默认/待裁决
RK_KB_Generalsmantel,Kornblume Generalsmantel,鼠族HSK拓展,本地直改,Industrial,躯干外衣,战斗护甲,工业,RK_Apparel,layer,护甲值/甲类
RK_KB_InfantryUniform,Kornblume Bluse,鼠族HSK拓展,本地直改,Industrial,躯干外衣,战斗护甲,工业,RK_Apparel,Zone tag,护甲值/甲类
RK_KB_OfficerUniform,Kornblume Waffenrock,鼠族HSK拓展,本地直改,Industrial,贴身内衣,战斗护甲,工业,RK_Apparel,layer,护甲值/甲类
RK_KB_Sappenpanzer,White Rose Dayfield Body Shield,鼠族HSK拓展,本地直改,Industrial,躯干外衣,战斗护甲,工业,RK_Apparel,Zone tag,护甲值/甲类
RK_KB_Stahlhelm,Kornblume Stahlhelm,鼠族HSK拓展,本地直改,Industrial,头部,战斗护甲,工业,RK_Headgear,Zone tag,护甲值/甲类
RK_KB_Sturmtruppen,Kornblume Stormtrooper Uniform,鼠族HSK拓展,本地直改,Industrial,贴身内衣,战斗护甲,工业,RK_Apparel,layer,护甲值/甲类
RK_KO_KnightArmor,Order State Knight Armor,鼠族HSK拓展,本地直改,Industrial,躯干外衣,战斗护甲,工业,RK_Apparel,Zone tag,护甲值
RK_KO_KnightHelmet,Order State Knight Helmet,鼠族HSK拓展,本地直改,Industrial,头部,日常便服,工业,RK_Headgear,Zone tag,默认/待裁决
RK_KO_KnightUniform,Order State Knight Uniform,鼠族HSK拓展,本地直改,Industrial,躯干外衣,战斗护甲,工业,RK_Apparel,Zone tag,护甲值
RK_KP_AdrianHelmet,Klaproos Adrian Helmet,鼠族HSK拓展,本地直改,Industrial,头部,战斗护甲,工业,RK_Headgear,Zone tag,护甲值/甲类
RK_KP_InfantryUniform,Klaproos Infantry Uniform,鼠族HSK拓展,本地直改,Industrial,躯干外衣,战斗护甲,工业,RK_Apparel,Zone tag,护甲值/甲类
RK_Kerchief,ratkin kerchief,鼠族HSK拓展,本地直改,Medieval,头部,日常便服,中世纪,RK_Apparel|RK_Headgear,Zone tag,默认/待裁决
RK_Kuabao,Ratkin Shoulder bag,鼠族HSK拓展,本地直改,Medieval,配饰腰背,日常便服,中世纪,RK_Apparel,Zone tag,默认/待裁决
RK_LR_BrodieHelmet,Lavender Brodie Helmet,鼠族HSK拓展,本地直改,Industrial,头部,战斗护甲,工业,RK_Headgear,Zone tag,护甲值/甲类
RK_LR_InfantryUniform,Lavender Infantry Uniform,鼠族HSK拓展,本地直改,Industrial,躯干外衣,战斗护甲,工业,RK_Apparel,Zone tag,护甲值/甲类
RK_LS_Fez,Lale Fez,鼠族HSK拓展,本地直改,Industrial,头部,战斗护甲,工业,RK_Headgear,Zone tag,护甲值/甲类
RK_LS_InfantryUniform,Lale Infantry Uniform,鼠族HSK拓展,本地直改,Industrial,躯干外衣,战斗护甲,工业,RK_Apparel,Zone tag,护甲值/甲类
RK_LargePipe,Ratkin Large Pipe,鼠族HSK拓展,本地直改,Medieval,头部,日常便服,中世纪,RK_Apparel,Zone tag,默认/待裁决
RK_LogistorHel,ratkin logistor TieMao,鼠族HSK拓展,本地直改,Medieval,头部,日常便服,中世纪,RK_Apparel|RK_Headgear,Zone tag,默认/待裁决
RK_LogistorUniform,logistor uniform,鼠族HSK拓展,本地直改,Medieval,躯干外衣,职业劳作,中世纪,RK_Apparel,Zone tag,label
RK_MR_BrodieHelmet,Multiflora Rose Brodie Helmet,鼠族HSK拓展,本地直改,Industrial,头部,战斗护甲,工业,RK_Headgear,Zone tag,护甲值/甲类
RK_MR_InfantryUniform,Multiflora Rose Infantry Uniform,鼠族HSK拓展,本地直改,Industrial,躯干外衣,战斗护甲,工业,RK_Apparel,Zone tag,护甲值/甲类
RK_MRgunner,ratkin heavy gunner ammunition bag,鼠族HSK拓展,本地直改,Industrial,配饰腰背,日常便服,工业,RK_Apparel,Zone tag,默认/待裁决
RK_MaidA,Ratkin Service Maid Outfit,鼠族HSK拓展,本地直改,Medieval,躯干外衣,礼仪贵族,中世纪,RK_Apparel,Zone tag,tag
RK_MaidB,Ratkin Servant Maid Outfit,鼠族HSK拓展,本地直改,Medieval,躯干外衣,礼仪贵族,中世纪,RK_Apparel,Zone tag,tag
RK_ManCap,ratkin manatwar cap,鼠族HSK拓展,本地直改,Medieval,头部,日常便服,中世纪,RK_Apparel|RK_Headgear,Zone tag,默认/待裁决
RK_ManGear,ratkin Manatwar gear,鼠族HSK拓展,本地直改,Industrial,躯干外衣,日常便服,工业,RK_Apparel,Zone tag,默认/待裁决
RK_ManWarmHat,ratkin manatwar warm hat,鼠族HSK拓展,本地直改,Medieval,头部,日常便服,中世纪,RK_Apparel|RK_Headgear,Zone tag,默认/待裁决
RK_ManatwarHelmet,Ratkin Manatwar helmet,鼠族HSK拓展,本地直改,Medieval,头部,日常便服,中世纪,RK_Apparel|RK_Headgear,Zone tag,默认/待裁决
RK_ManatwarUniform,Manatwar uniform,鼠族HSK拓展,本地直改,Industrial,躯干外衣,职业劳作,工业,RK_Apparel,Zone tag,label
RK_Mask,Ratkin mask helmet,RatkinRaceHSK,上游补丁,Industrial,头部,战斗护甲,工业,RK_Headgear,layer,护甲值/甲类
RK_MaskB,Ratkin mask helmet,RatkinRaceHSK,上游补丁,Industrial,头部,战斗护甲,工业,RK_Headgear,layer,护甲值/甲类
RK_MedalHonor,Ratkin Medal of Honor,鼠族HSK拓展,本地直改,Medieval,配饰腰背,日常便服,中世纪,RK_Apparel,Zone tag,默认/待裁决
RK_MilUniform,ratkin military uniform,鼠族HSK拓展,本地直改,Medieval,躯干外衣,职业劳作,中世纪,RK_Apparel,Zone tag,label
RK_MildCoat,mild coat,RatkinRaceHSK,上游补丁,Medieval,贴身内衣,战斗护甲,中世纪,RK_Apparel,layer,护甲值
RK_MinerHelmet,Ratkin Miner Helmet,鼠族HSK拓展,本地直改,Medieval,头部,日常便服,中世纪,RK_Apparel,Zone tag,默认/待裁决
RK_MingWang,「Ming Wang」,鼠族HSK拓展,本地直改,Ultra,头部,战斗护甲,极致,RK_Apparel,Zone tag,护甲值
RK_Monocle,Ratkin Monocle,鼠族HSK拓展,本地直改,Medieval,面饰眼部,日常便服,中世纪,RK_Apparel,Zone tag,默认/待裁决
RK_Muffler,muffler,RatkinRaceHSK,上游补丁,Medieval,躯干外衣,战斗护甲,中世纪,RK_Apparel,layer,护甲值
RK_NK_Fez,Narcissus Fez,鼠族HSK拓展,本地直改,Industrial,头部,日常便服,工业,RK_Headgear,Zone tag,默认/待裁决
RK_NK_InfantryUniform,Narcissus Infantry Uniform,鼠族HSK拓展,本地直改,Industrial,躯干外衣,战斗护甲,工业,RK_Apparel,Zone tag,护甲值/甲类
RK_NR_InfantryUniform,Moutan Infantry Uniform,鼠族HSK拓展,本地直改,Industrial,躯干外衣,战斗护甲,工业,RK_Apparel,Zone tag,护甲值/甲类
RK_NR_ServiceCap,Moutan Service Cap,鼠族HSK拓展,本地直改,Industrial,头部,日常便服,工业,RK_Headgear,Zone tag,默认/待裁决
RK_Officer,ratkin officer uniform,鼠族HSK拓展,本地直改,Medieval,躯干外衣,礼仪贵族,中世纪,RK_Apparel,Zone tag,tag
RK_OrderUniform,ratkin order uniform,RatkinRaceHSK,上游补丁,Medieval,贴身内衣,战斗护甲,中世纪,RK_Apparel,layer,护甲值/甲类
RK_OrderUniformB,ratkin order uniform,RatkinRaceHSK,上游补丁,Medieval,贴身内衣,战斗护甲,中世纪,RK_Apparel,layer,护甲值/甲类
RK_Oriental,ratkin oriental dress,鼠族HSK拓展,本地直改,Medieval,躯干外衣,日常便服,中世纪,RK_Apparel,Zone tag,默认/待裁决
RK_OutdoorBackpack,ratkin outdoor backpack,RatkinRaceHSK,上游补丁,Medieval,配饰腰背,战斗护甲,中世纪,RK_Apparel,layer,护甲值
RK_OuterPlate,ratkin outer plate,鼠族HSK拓展,本地直改,Medieval,躯干外衣,礼仪贵族,中世纪,RK_Apparel,Zone tag,tag
RK_PK_InfantryUniform,Paeonia Infantry Uniform,鼠族HSK拓展,本地直改,Industrial,躯干外衣,战斗护甲,工业,RK_Apparel,Zone tag,护甲值/甲类
RK_PK_Kepi,Paeonia Kepi,鼠族HSK拓展,本地直改,Industrial,头部,日常便服,工业,RK_Headgear,Zone tag,默认/待裁决
RK_Pipao,Moustate robe (Pipao),鼠族HSK拓展,本地直改,Medieval,躯干外衣,日常便服,中世纪,RK_Apparel,Zone tag,默认/待裁决
RK_Plate,ratkin plate armor,RatkinRaceHSK,上游补丁,Medieval,躯干外衣,战斗护甲,中世纪,RK_Apparel,layer,护甲值/甲类
RK_PlateHelmA,Ratkin plate Helm,RatkinRaceHSK,上游补丁,Medieval,头部,战斗护甲,中世纪,RK_Headgear,layer,护甲值/甲类
RK_PlateHelmB,Ratkin plate Helm,RatkinRaceHSK,上游补丁,Medieval,头部,战斗护甲,中世纪,RK_Headgear,layer,护甲值/甲类
RK_PlateHelmC,Ratkin plate Helm,RatkinRaceHSK,上游补丁,Medieval,头部,战斗护甲,中世纪,RK_Headgear,layer,护甲值/甲类
RK_PunkOutfit,ratkin punker outfit,鼠族HSK拓展,本地直改,Medieval,躯干外衣,日常便服,中世纪,RK_Apparel,Zone tag,默认/待裁决
RK_QiShiPu,奇石谱 (QiShiPu),(原版 Data),上游补丁(Core),Medieval,配饰腰背,装饰饰品,中世纪,RK_Scroll,layer,旧分类
RK_RR_Furazhka,Red Rose Furazhka,鼠族HSK拓展,本地直改,Industrial,头部,日常便服,工业,RK_Headgear,Zone tag,默认/待裁决
RK_RR_InfantryUniform,Red Rose Infantry Uniform,鼠族HSK拓展,本地直改,Industrial,躯干外衣,战斗护甲,工业,RK_Apparel,Zone tag,护甲值/甲类
RK_Rainproof,Ratkin Rainproof,鼠族HSK拓展,本地直改,Medieval,躯干外衣,日常便服,中世纪,RK_Apparel,Zone tag,默认/待裁决
RK_RegistrarHel,ratkin registrar TieMao,鼠族HSK拓展,本地直改,Medieval,头部,日常便服,中世纪,RK_Apparel|RK_Headgear,Zone tag,默认/待裁决
RK_RegistrarUniform,registrar uniform,鼠族HSK拓展,本地直改,Medieval,躯干外衣,职业劳作,中世纪,RK_Apparel,Zone tag,label
RK_ResearchGlasses,ratkin glasses,RatkinRaceHSK,上游补丁,Medieval,面饰眼部,日常便服,中世纪,RK_Apparel,layer,默认/待裁决
RK_ResearchGown,research gown,RatkinRaceHSK,上游补丁,Medieval,贴身内衣,战斗护甲,中世纪,RK_Apparel,layer,护甲值
RK_Respirator,Ratkin Respirator,鼠族HSK拓展,本地直改,Medieval,头部,日常便服,中世纪,RK_Apparel,Zone tag,默认/待裁决
RK_RibbonHairBand,ribbon hair band,RatkinRaceHSK,上游补丁,Medieval,头部,日常便服,中世纪,RK_Headgear,layer,默认/待裁决
RK_Rifleman,ratkin infantry uniform,鼠族HSK拓展,本地直改,Medieval,躯干外衣,职业劳作,中世纪,RK_Apparel,Zone tag,label
RK_RoyalCrown,Ratkin royal crown,RatkinRaceHSK,上游补丁,Medieval,头部,礼仪贵族,中世纪,RK_Headgear,layer,tag
RK_RoyalRobe,ratkin royal robe,RatkinRaceHSK,上游补丁,Medieval,躯干外衣,战斗护甲,中世纪,RK_Apparel,layer,护甲值/甲类
RK_Ruqun,ratkin Ruqun,鼠族HSK拓展,本地直改,Medieval,躯干外衣,日常便服,中世纪,RK_Apparel,Zone tag,默认/待裁决
RK_SA_InfantryUniform,Syringa Infantry Uniform,鼠族HSK拓展,本地直改,Industrial,配饰腰背,战斗护甲,工业,RK_Apparel,Zone tag,护甲值/甲类
RK_SA_Kepi,Syringa Kepi,鼠族HSK拓展,本地直改,Industrial,头部,日常便服,工业,RK_Headgear,Zone tag,默认/待裁决
RK_SD_Budyonovka,Snowdrop Budyonovka,鼠族HSK拓展,本地直改,Industrial,头部,日常便服,工业,RK_Headgear,Zone tag,默认/待裁决
RK_SD_Gimnastyorka,Snowdrop Gimnastyorka,鼠族HSK拓展,本地直改,Industrial,躯干外衣,战斗护甲,工业,RK_Apparel,Zone tag,护甲值/甲类
RK_Sachet,sachet,鼠族HSK拓展,本地直改,Medieval,配饰腰背,装饰饰品,中世纪,Meow_Jewelry|Meow_Amulet,旧分类,旧分类
RK_Sack,ratkin package,RatkinRaceHSK,上游补丁,Medieval,配饰腰背,日常便服,中世纪,RK_Apparel,layer,默认/待裁决
RK_SafetyTether,Ratkin Safety Tether,鼠族HSK拓展,本地直改,Spacer,配饰腰背,礼仪贵族,太空,ApparelNoble,Zone tag,旧分类
RK_SantaHat,santa hat,RatkinRaceHSK,上游补丁,Medieval,头部,战斗护甲,中世纪,RK_Apparel,layer,护甲值
RK_SantaRobe,santa robe,RatkinRaceHSK,上游补丁,Medieval,躯干外衣,战斗护甲,中世纪,RK_Apparel,layer,护甲值
RK_SantaSack,santa package,RatkinRaceHSK,上游补丁,Medieval,配饰腰背,日常便服,中世纪,RK_Apparel,layer,默认/待裁决
RK_SashiMono,ratkin Sashi Mono,鼠族HSK拓展,本地直改,Medieval,配饰腰背,日常便服,中世纪,RK_Apparel,Zone tag,默认/待裁决
RK_Scarf,desert scarf,鼠族HSK拓展,本地直改,Medieval,配饰腰背,日常便服,中世纪,RK_Apparel,Zone tag,默认/待裁决
RK_SchoolUniform_Child,kid school uniform,鼠族HSK拓展,本地直改,Medieval,贴身内衣,职业劳作,中世纪,RK_Apparel,layer,label
RK_SenGiTai,SenGiTai attire,鼠族HSK拓展,本地直改,Medieval,躯干外衣,日常便服,中世纪,RK_Apparel,Zone tag,默认/待裁决
RK_ShaMao,ratkin ShaMao hat,鼠族HSK拓展,本地直改,Medieval,头部,日常便服,中世纪,RK_Apparel|RK_Headgear,Zone tag,默认/待裁决
RK_ShaMaoB,ratkin round ShaMao hat,鼠族HSK拓展,本地直改,Medieval,头部,日常便服,中世纪,RK_Apparel|RK_Headgear,Zone tag,默认/待裁决
RK_SistersDerss,Sisters Dress,RatkinRaceHSK,上游补丁,Medieval,贴身内衣,战斗护甲,中世纪,RK_Apparel,layer,护甲值/甲类
RK_SistersVeil,Veil,RatkinRaceHSK,上游补丁,Medieval,头部,战斗护甲,中世纪,RK_Headgear,layer,护甲值/甲类
RK_Sleeves,detached sleeves,鼠族HSK拓展,本地直改,Medieval,躯干外衣,日常便服,中世纪,RK_Apparel,Zone tag,默认/待裁决
RK_Souyi,ratkin straw rain cape (SouYi),鼠族HSK拓展,本地直改,Neolithic,头部,日常便服,原始,RK_Apparel,Zone tag,默认/待裁决
RK_StageCostume,Ratkin Ralloween Costume,鼠族HSK拓展,本地直改,Medieval,头部,日常便服,中世纪,RK_Apparel,Zone tag,默认/待裁决
RK_StrawHat,Straw Hat,RatkinRaceHSK,上游补丁,Medieval,头部,日常便服,中世纪,RK_Headgear,layer,默认/待裁决
RK_SummerDress,summer dress,RatkinRaceHSK,上游补丁,Medieval,贴身内衣,战斗护甲,中世纪,RK_Apparel,layer,护甲值
RK_Suyi,ratkin Suyi,鼠族HSK拓展,本地直改,Medieval,躯干外衣,日常便服,中世纪,RK_Apparel,Zone tag,默认/待裁决
RK_TaoTieJing,饕餮经 (TaoTieJing),(原版 Data),上游补丁(Core),Medieval,配饰腰背,装饰饰品,中世纪,RK_Scroll,layer,旧分类
RK_TengPai,ratkin cane shield,鼠族HSK拓展,本地直改,Neolithic,躯干外衣,日常便服,原始,RK_Apparel,Zone tag,默认/待裁决
RK_TianFuLun,天赋论 (TianFuLun),(原版 Data),上游补丁(Core),Medieval,配饰腰背,装饰饰品,中世纪,RK_Scroll,layer,旧分类
RK_TieMao,Ratkin TieMao helmet,鼠族HSK拓展,本地直改,Medieval,头部,日常便服,中世纪,RK_Apparel|RK_Headgear,Zone tag,默认/待裁决
RK_TowerShield,ratkin Tower Shield,(原版 Data),上游补丁(Core),Medieval,配饰腰背,日常便服,中世纪,RK_ThingCategory_Util,layer,默认/待裁决
RK_TraderAttire,exotic trader attire,鼠族HSK拓展,本地直改,Medieval,躯干外衣,日常便服,中世纪,RK_Apparel,Zone tag,默认/待裁决
RK_TraderWarmHat,ratkin merchants warm hat,鼠族HSK拓展,本地直改,Medieval,头部,日常便服,中世纪,RK_Apparel|RK_Headgear,Zone tag,默认/待裁决
RK_VK_AdrianHelmet,Violet Adrian Helmet,鼠族HSK拓展,本地直改,Industrial,头部,战斗护甲,工业,RK_Headgear,Zone tag,护甲值/甲类
RK_VK_InfantryUniform,Violet Infantry Uniform,鼠族HSK拓展,本地直改,Industrial,躯干外衣,战斗护甲,工业,RK_Apparel,Zone tag,护甲值/甲类
RK_Vest,ratkin utility vest,鼠族HSK拓展,本地直改,Medieval,躯干外衣,日常便服,中世纪,RK_Apparel,Zone tag,默认/待裁决
RK_WR_BrodieHelmet,White Rose Brodie Helmet,鼠族HSK拓展,本地直改,Industrial,头部,战斗护甲,工业,RK_Headgear,Zone tag,护甲值/甲类
RK_WR_BrodieHelmetCover,White Rose Brodie Helmet With Camouflage Cover,鼠族HSK拓展,本地直改,Industrial,头部,战斗护甲,工业,RK_Headgear,layer,护甲值/甲类
RK_WR_DayfieldBodyShield,White Rose Dayfield Body Shield,鼠族HSK拓展,本地直改,Industrial,躯干外衣,战斗护甲,工业,RK_Apparel,layer,护甲值/甲类
RK_WR_FieldUniform,White Rose Field Uniform,鼠族HSK拓展,本地直改,Industrial,躯干外衣,战斗护甲,工业,RK_Apparel,Zone tag,护甲值/甲类
RK_WR_InfantryEquipment,White Rose Infantry Equipment,鼠族HSK拓展,本地直改,Industrial,躯干外衣,日常便服,工业,RK_Apparel,layer,默认/待裁决
RK_WR_OfficerUniform,White Rose Officer's Jacket,鼠族HSK拓展,本地直改,Industrial,贴身内衣,战斗护甲,工业,RK_Apparel,layer,护甲值/甲类
RK_WR_TrenchCoat,White Rose Trench Coat,鼠族HSK拓展,本地直改,Industrial,躯干外衣,战斗护甲,工业,RK_Apparel,Zone tag,护甲值/甲类
RK_WeijingA,Ratkin Scarf,鼠族HSK拓展,本地直改,Medieval,头部,日常便服,中世纪,RK_Apparel,Zone tag,默认/待裁决
RK_WhiteCloak,Ratkin Cloak,鼠族HSK拓展,本地直改,Medieval,躯干外衣,日常便服,中世纪,RK_Apparel,Zone tag,默认/待裁决
RK_WhiteCoat,ratkin white coat,RatkinRaceHSK,上游补丁,Medieval,躯干外衣,战斗护甲,中世纪,RK_Apparel,layer,护甲值/甲类
RK_WinterRobe,winter robe,RatkinRaceHSK,上游补丁,Medieval,躯干外衣,战斗护甲,中世纪,RK_Apparel,layer,护甲值
RK_WoodenShield,ratkin wooden Shield,RatkinRaceHSK,上游补丁,Medieval,配饰腰背,战斗护甲,中世纪,ShieldCat,旧分类,旧分类
RK_WoolenHat,woolen hat,RatkinRaceHSK,上游补丁,Medieval,头部,日常便服,中世纪,RK_Apparel,layer,默认/待裁决
RK_WorkApron,Ratkin Work Apron,鼠族HSK拓展,本地直改,Medieval,躯干外衣,礼仪贵族,中世纪,RK_Apparel,Zone tag,tag
RK_WorkerWear,Ratkin worker outfit,RatkinRaceHSK,上游补丁,Medieval,贴身内衣,战斗护甲,中世纪,RK_Apparel,layer,护甲值
RK_XiangMaClothing,ratkin robber clothing,鼠族HSK拓展,本地直改,Medieval,躯干外衣,日常便服,中世纪,RK_Apparel,Zone tag,默认/待裁决
RK_XiongJia,Ratkin Breastplate,鼠族HSK拓展,本地直改,Medieval,躯干外衣,日常便服,中世纪,RK_Apparel,Zone tag,默认/待裁决
RK_YE_InfantryUniform,Yaezakura Infantry Uniform,鼠族HSK拓展,本地直改,Industrial,躯干外衣,战斗护甲,工业,RK_Apparel,Zone tag,护甲值/甲类
RK_YE_ServiceCap,Yaezakura Service Cap,鼠族HSK拓展,本地直改,Industrial,头部,日常便服,工业,RK_Headgear,Zone tag,默认/待裁决
RK_YaoBao,Ratkin Bumbag,鼠族HSK拓展,本地直改,Medieval,配饰腰背,日常便服,中世纪,RK_Apparel,Zone tag,默认/待裁决
RK_YiShang,YiShang,鼠族HSK拓展,本地直改,Medieval,躯干外衣,日常便服,中世纪,RK_Apparel,Zone tag,默认/待裁决
RK_YuShou,Omamori,(原版 Data),上游补丁(Core),Medieval,配饰腰背,装饰饰品,中世纪,Meow_Jewelry|Meow_Amulet,旧分类,旧分类
RK_YuZhuo,jade bracelet,(原版 Data),上游补丁(Core),Medieval,配饰腰背,装饰饰品,中世纪,Meow_Jewelry|Meow_Bracelet,旧分类,旧分类
RK_ZanZi,ratkin hair clasp,鼠族HSK拓展,本地直改,Medieval,头部,日常便服,中世纪,RK_Apparel|RK_Headgear,Zone tag,默认/待裁决
RK_ZhaMian,ratkin hanafuda mask,鼠族HSK拓展,本地直改,Medieval,躯干外衣,日常便服,中世纪,RK_Apparel|RK_Headgear,Zone tag,默认/待裁决
RK_ZhaMian_Bai,ratkin impermanence hanafuda,鼠族HSK拓展,本地直改,Medieval,躯干外衣,日常便服,中世纪,RK_Apparel|RK_Headgear,Zone tag,默认/待裁决
RK_ZhaMian_Hei,ratkin impermanence hanafuda,鼠族HSK拓展,本地直改,Medieval,躯干外衣,日常便服,中世纪,RK_Apparel|RK_Headgear,Zone tag,默认/待裁决
RK_ZhaMian_Hi,ratkin hanafuda mask,鼠族HSK拓展,本地直改,Medieval,躯干外衣,日常便服,中世纪,RK_Apparel|RK_Headgear,Zone tag,默认/待裁决
RK_ZhaMian_Kiku,ratkin hanafuda mask,鼠族HSK拓展,本地直改,Medieval,躯干外衣,日常便服,中世纪,RK_Apparel|RK_Headgear,Zone tag,默认/待裁决
RK_ZhaMian_Null,「Ratkin Void Hanafuda」,鼠族HSK拓展,本地直改,Medieval,躯干外衣,日常便服,中世纪,RK_Apparel|RK_Headgear,Zone tag,默认/待裁决
RK_ZhaMian_Ran,ratkin hanafuda mask,鼠族HSK拓展,本地直改,Medieval,躯干外衣,日常便服,中世纪,RK_Apparel|RK_Headgear,Zone tag,默认/待裁决
RK_ZhaMian_Sakura,ratkin hanafuda mask,鼠族HSK拓展,本地直改,Medieval,躯干外衣,日常便服,中世纪,RK_Apparel|RK_Headgear,Zone tag,默认/待裁决
RK_ZhaMian_Tsuki,ratkin hanafuda mask,鼠族HSK拓展,本地直改,Medieval,躯干外衣,日常便服,中世纪,RK_Apparel|RK_Headgear,Zone tag,默认/待裁决
RK_ZhaMian_Ume,ratkin hanafuda mask,鼠族HSK拓展,本地直改,Medieval,躯干外衣,日常便服,中世纪,RK_Apparel|RK_Headgear,Zone tag,默认/待裁决
RK_ZhanLi,Ratkin ZhanLi helmet,鼠族HSK拓展,本地直改,Medieval,头部,战斗护甲,中世纪,RK_Apparel|RK_Headgear,Zone tag,护甲值
RK_ZhangPai,ratkin barrier board,鼠族HSK拓展,本地直改,Medieval,躯干外衣,战斗护甲,中世纪,RK_Apparel,Zone tag,护甲值
RK_ZhiGeZongYao,止戈总要 (ZhiGeZongYao),(原版 Data),上游补丁(Core),Medieval,配饰腰背,装饰饰品,中世纪,RK_Scroll,layer,旧分类
RK_ZhongShan,ratkin Mao suit,鼠族HSK拓展,本地直改,Medieval,躯干外衣,日常便服,中世纪,RK_Apparel,Zone tag,默认/待裁决
RK_ZhuFangBoWuZhi,诸方博物志 (ZhuFangBoWuZhi),(原版 Data),上游补丁(Core),Medieval,配饰腰背,装饰饰品,中世纪,RK_Scroll,layer,旧分类
RK_ZongShi,「Ratkin Long Gown of Master」,鼠族HSK拓展,本地直改,Ultra,躯干外衣,战斗护甲,极致,RK_Apparel,Zone tag,护甲值
Rucksack,Rucksack,HMC Vile's Pre-Industrial,上游补丁,Medieval,配饰腰背,战术装备,中世纪,SpecialApparelCat,layer,旧分类
Rustic_Necklace_Amber,紫水晶项链,(原版 Data),上游补丁(Core),Medieval,配饰腰背,装饰饰品,中世纪,Meow_Amulet,旧分类,旧分类
Rustic_Necklace_Citrine,黄玉项链,(原版 Data),上游补丁(Core),Medieval,配饰腰背,装饰饰品,中世纪,Meow_Amulet,旧分类,旧分类
Rustic_Necklace_Emerald,绿宝石项链,(原版 Data),上游补丁(Core),Medieval,配饰腰背,装饰饰品,中世纪,Meow_Amulet,旧分类,旧分类
Rustic_Necklace_Jade,翡翠项链,(原版 Data),上游补丁(Core),Medieval,配饰腰背,装饰饰品,中世纪,Meow_Amulet,旧分类,旧分类
Rustic_Necklace_Onyx,黑曜石项链,(原版 Data),上游补丁(Core),Medieval,配饰腰背,装饰饰品,中世纪,Meow_Amulet,旧分类,旧分类
Rustic_Necklace_Ruby,红宝石项链,(原版 Data),上游补丁(Core),Medieval,配饰腰背,装饰饰品,中世纪,Meow_Amulet,旧分类,旧分类
Rustic_Necklace_Sapphire,蓝宝石项链,(原版 Data),上游补丁(Core),Medieval,配饰腰背,装饰饰品,中世纪,Meow_Amulet,旧分类,旧分类
Rustic_Ring_Amber,紫水晶戒指,(原版 Data),上游补丁(Core),Medieval,配饰腰背,装饰饰品,中世纪,Meow_Ring,旧分类,旧分类
Rustic_Ring_Citrine,黄玉戒指,(原版 Data),上游补丁(Core),Medieval,配饰腰背,装饰饰品,中世纪,Meow_Ring,旧分类,旧分类
Rustic_Ring_Emerald,绿宝石戒指,(原版 Data),上游补丁(Core),Medieval,配饰腰背,装饰饰品,中世纪,Meow_Ring,旧分类,旧分类
Rustic_Ring_Jade,翡翠戒指,(原版 Data),上游补丁(Core),Medieval,配饰腰背,装饰饰品,中世纪,Meow_Ring,旧分类,旧分类
Rustic_Ring_Onyx,黑曜石戒指,(原版 Data),上游补丁(Core),Medieval,配饰腰背,装饰饰品,中世纪,Meow_Ring,旧分类,旧分类
Rustic_Ring_Ruby,红宝石戒指,(原版 Data),上游补丁(Core),Medieval,配饰腰背,装饰饰品,中世纪,Meow_Ring,旧分类,旧分类
Rustic_Ring_Sapphire,蓝宝石戒指,(原版 Data),上游补丁(Core),Medieval,配饰腰背,装饰饰品,中世纪,Meow_Ring,旧分类,旧分类
ShieldBone,Scutum Shield,HMC Vile's Pre-Industrial,上游补丁,Medieval,配饰腰背,战斗护甲,中世纪,ShieldCat|SetLegion,旧分类,旧分类
ShieldTribal,Wicker Shield,HMC Vile's Pre-Industrial,上游补丁,Neolithic,配饰腰背,战斗护甲,原始,ShieldCat,旧分类,旧分类
Shield_Bone,Bone shield,Core_SK,上游补丁,Neolithic,配饰腰背,战斗护甲,原始,ShieldCat,旧分类,旧分类
Shield_Buckler,Buckler,Core_SK,上游补丁,Medieval,配饰腰背,战斗护甲,中世纪,ShieldCat,旧分类,旧分类
Shield_Medieval,Medieval Shield,Core_SK,上游补丁,Medieval,配饰腰背,战斗护甲,中世纪,ShieldCat,旧分类,旧分类
Shield_Tribal,Tribal shield,Core_SK,上游补丁,Neolithic,配饰腰背,战斗护甲,原始,ShieldCat,旧分类,旧分类
Slag_Plate_Crude,Feral Scrapmetal Armor,HMC Vile's Pre-Industrial,上游补丁,Medieval,躯干外衣,战斗护甲,中世纪,CombinedArmorCat|SetApocalyptic,旧分类,护甲值/甲类
Slag_Plate_Improved,Feral Wire Mail,HMC Vile's Pre-Industrial,上游补丁,Medieval,躯干外衣,战斗护甲,中世纪,CombinedArmorCat|SetApocalyptic,旧分类,护甲值/甲类
TornadoGenerator,tornado generator,(原版 Data),上游补丁(Core),Spacer,配饰腰背,战术装备,太空,ApparelUtility,layer,人工裁决
ViTech_Doublet,Doublet,HMC Vile's Pre-Industrial,上游补丁,Medieval,躯干外衣,战斗护甲,中世纪,MiddleLayerCat|SetMedieval|SetCommoner|SetLeader,旧分类,护甲值/甲类
ViTech_GladiatorLaminar,Legion Segmentata,HMC Vile's Pre-Industrial,上游补丁,Medieval,躯干外衣,战斗护甲,中世纪,CombinedArmorCat|SetLegion,旧分类,护甲值/甲类
ViTech_HordeArcher,Horde Archer Lamellar,HMC Vile's Pre-Industrial,上游补丁,Medieval,躯干外衣,战斗护甲,中世纪,CombinedArmorCat|SetHorde|SetArcher,旧分类,护甲值/甲类
ViTech_MailMitts,Chainmail Gloves,HMC Vile's Pre-Industrial,上游补丁,Medieval,手套,战斗护甲,中世纪,GlovesCat|SetMedieval|SetInfantry,旧分类,护甲值
ViTech_RoyalPlateArmor,Royal Full Plate Armor,HMC Vile's Pre-Industrial,上游补丁,Medieval,躯干外衣,战斗护甲,中世纪,ShellFullArmorCat|SetMedieval|SetLeader,旧分类,护甲值/甲类
ViTech_TatamiArmor,Tatami Munition Armor,HMC Vile's Pre-Industrial,上游补丁,Medieval,躯干外衣,战斗护甲,中世纪,ShellPartialArmorCat|SetFeudal|SetInfantry|SetMilitia,旧分类,护甲值/甲类
ViTech_WhitePlateArmor,Alwyte Full Plate armor,HMC Vile's Pre-Industrial,上游补丁,Medieval,躯干外衣,战斗护甲,中世纪,ShellFullArmorCat|SetMedieval|SetKnight,旧分类,护甲值/甲类
baonuanneiyi,毛绒绒的保暖长衣,鼠族HSK拓展,本地直改,Medieval,躯干外衣,战斗护甲,中世纪,RK_Apparel,Zone tag,护甲值/甲类
baonuanneiyi_Child,儿童版毛绒绒长裙,鼠族HSK拓展,本地直改,Medieval,躯干外衣,战斗护甲,中世纪,RK_Apparel,Zone tag,护甲值/甲类
beileimao,优雅贝雷帽,鼠族HSK拓展,本地直改,Industrial,头部,礼仪贵族,工业,RK_Apparel,Zone tag,tag
bjm,古堡夫人蕾丝头饰,鼠族HSK拓展,本地直改,Medieval,头部,礼仪贵族,中世纪,RK_Apparel,Zone tag,tag
bjq,古堡夫人长裙,鼠族HSK拓展,本地直改,Medieval,躯干外衣,礼仪贵族,中世纪,RK_Apparel,Zone tag,tag
fangdanjunfu,骑士重装军服,鼠族HSK拓展,本地直改,Industrial,躯干外衣,战斗护甲,工业,RK_Apparel,Zone tag,护甲值/甲类
fengye,枫叶军服,鼠族HSK拓展,本地直改,Medieval,躯干外衣,战斗护甲,中世纪,RK_Apparel,Zone tag,护甲值/甲类
fengyewaitao,枫叶毛绒保暖小西服,鼠族HSK拓展,本地直改,Medieval,躯干外衣,战斗护甲,中世纪,RK_Apparel,Zone tag,护甲值/甲类
gelusi,格鲁斯之铠,鼠族HSK拓展,本地直改,Medieval,躯干外衣,战斗护甲,中世纪,RK_Apparel,Zone tag,护甲值/甲类
gjhpf,鼠族版冠军侯披风,鼠族HSK拓展,本地直改,Industrial,头部,战斗护甲,工业,RK_Apparel,Zone tag,护甲值/甲类
hjzj,纳米合金战甲（内甲）,鼠族HSK拓展,本地直改,Spacer,躯干外衣,战斗护甲,太空,RK_Apparel,Zone tag,护甲值/甲类
hjzjmz,纳米合金战甲面罩（发光款）,鼠族HSK拓展,本地直改,Spacer,面饰眼部,战斗护甲,太空,RK_Apparel,Zone tag,护甲值/甲类
hjzjmzB,纳米合金战甲面罩,鼠族HSK拓展,本地直改,Spacer,面饰眼部,战斗护甲,太空,RK_Apparel,Zone tag,护甲值/甲类
hjzjwj,纳米合金战甲（外甲）,鼠族HSK拓展,本地直改,Spacer,躯干外衣,战斗护甲,太空,RK_Apparel,Zone tag,护甲值/甲类
hsdy,毛绒大衣,鼠族HSK拓展,本地直改,Industrial,躯干外衣,战斗护甲,工业,RK_Apparel,Zone tag,护甲值/甲类
junfu,骑士军服,鼠族HSK拓展,本地直改,Medieval,躯干外衣,战斗护甲,中世纪,RK_Apparel,Zone tag,护甲值/甲类
kamz,可爱毛绒小羊帽,鼠族HSK拓展,本地直改,Industrial,头部,战斗护甲,工业,RK_Apparel,Zone tag,护甲值/甲类
kamz_Child,儿童版可爱毛绒小羊帽,鼠族HSK拓展,本地直改,Industrial,头部,战斗护甲,工业,RK_Apparel,Zone tag,护甲值/甲类
kydc,矿业调查动力服,鼠族HSK拓展,本地直改,Spacer,躯干外衣,战斗护甲,太空,RK_Apparel,Zone tag,护甲值/甲类
kydcmz,矿业调查面罩,鼠族HSK拓展,本地直改,Spacer,面饰眼部,战斗护甲,太空,RK_Apparel,Zone tag,护甲值/甲类
maorongdayi,毛绒绒的风雪大衣,鼠族HSK拓展,本地直改,Industrial,躯干外衣,战斗护甲,工业,RK_Apparel,Zone tag,护甲值/甲类
maorongdayi_Child,儿童版毛绒绒大衣,鼠族HSK拓展,本地直改,Medieval,躯干外衣,战斗护甲,中世纪,RK_Apparel,Zone tag,护甲值/甲类
nwcq,宫廷长裙,鼠族HSK拓展,本地直改,Medieval,躯干外衣,战斗护甲,中世纪,RK_Apparel,Zone tag,护甲值/甲类
nwcqB,宫廷长裙B款,鼠族HSK拓展,本地直改,Medieval,躯干外衣,战斗护甲,中世纪,RK_Apparel,Zone tag,护甲值/甲类
nwpf,白湛女王披风,鼠族HSK拓展,本地直改,Medieval,躯干外衣,战斗护甲,中世纪,RK_Apparel,Zone tag,护甲值/甲类
nwtg,灵能女王皇冠,鼠族HSK拓展,本地直改,Industrial,头部,战斗护甲,工业,RK_Apparel,Zone tag,护甲值/甲类
sxpf,授勋披风,鼠族HSK拓展,本地直改,Industrial,躯干外衣,战斗护甲,工业,RK_Apparel,Zone tag,护甲值/甲类
tybb,大容量跳跃背包,鼠族HSK拓展,本地直改,Industrial,配饰腰背,礼仪贵族,工业,RK_Apparel,Zone tag,tag
xiaokb,皮革斜挎包,鼠族HSK拓展,本地直改,Medieval,配饰腰背,礼仪贵族,中世纪,RK_Apparel,Zone tag,tag
xinpian,融合护盾芯片,鼠族HSK拓展,本地直改,Spacer,躯干外衣,战斗护甲,太空,RK_Apparel,Zone tag,护甲值/甲类
xqzmj,先驱者作战面罩,鼠族HSK拓展,本地直改,Spacer,面饰眼部,战斗护甲,太空,RK_Apparel,Zone tag,护甲值/甲类
xqzzj,先驱者战甲,鼠族HSK拓展,本地直改,Spacer,躯干外衣,战斗护甲,太空,RK_Apparel,Zone tag,护甲值/甲类
yiliaob,鼠族医疗包,鼠族HSK拓展,本地直改,Medieval,配饰腰背,礼仪贵族,中世纪,RK_Apparel,Zone tag,tag
yingwu,小肥啾鹦鹉,鼠族HSK拓展,本地直改,Medieval,头部,礼仪贵族,中世纪,RK_Apparel,Zone tag,tag
zsyg,腰挂包,鼠族HSK拓展,本地直改,Medieval,配饰腰背,礼仪贵族,中世纪,RK_Apparel,Zone tag,tag
