类型,键,变体,文本
Head,nightshift,1,修发电机的
Scene,nightshift,1,{PAWN_nameDef}先拔掉烧黑的保险丝，然后从铁皮盒里摸出一根新的拧上去，接着把半锅冷粥倒进自己碗里。白天{PAWN_nameDef}走到哪儿都想蹲着打盹，夜里听见发电机响就站起来。
Head,nightshift,2,值后半夜的
Scene,nightshift,2,{PAWN_nameDef}先把最后一扇门的插销挨个推到底，然后拎起水桶把井绳放下去，接着坐回哨位上等天亮。别人换班时来叫{PAWN_objective}，{PAWN_nameDef}说自己不困。
Head,nightshift,3,夜里不躺下的
Scene,nightshift,3,{PAWN_nameDef}先把工作台的灯扭亮，然后剥开一罐桃子的铁皮盖，接着把没缝完的袖子继续缝下去。早上{PAWN_nameDef}的床铺还是叠好的样子。
Head,nightshift,4,抢夜班名单的
Scene,nightshift,4,{PAWN_nameDef}先在排班板上把自己的名字挪到后半夜，然后去检查了一遍柴堆的苫布，接着把厨房的剩饭收走吃了。天亮收工时{PAWN_nameDef}反而最精神。
Head,dawnshift,1,第一个起身的
Scene,dawnshift,1,{PAWN_nameDef}先在冻硬的水桶上敲掉冰壳，然后把自己裹紧走到畜栏边添料，接着把炉子重新塞满柴。天光还没铺开，{PAWN_nameDef}已经做完三件事了。
Head,dawnshift,2,扫院子的
Scene,dawnshift,2,{PAWN_nameDef}先拿起门后的扫帚把走道扫了一遍，然后把晾在外面的衣物收进屋，接着蹲在苗床边看昨夜的风向。有人早上起来以为{PAWN_nameDef}整晚没睡。
Head,dawnshift,3,天没亮就开火的
Scene,dawnshift,3,{PAWN_nameDef}先摸黑把锅架到炉子上，然后切了两块咸肉丢进去，接着把面包分好摆在桌上。饭香把别人叫起来时{PAWN_nameDef}已经吃完了。
Head,dawnshift,4,趁凉快干活的
Scene,dawnshift,4,{PAWN_nameDef}先把要搬的石箱挪到走道口，然后去把水车的轴承紧了，接着才开始吃自己那份早餐。太阳升高以后{PAWN_nameDef}就没多少力气了。
Head,gardening,1,蹲在苗床边的
Scene,gardening,1,{PAWN_nameDef}先把倒伏的支架一根根重新插牢，然后掐掉发黄的外叶，接着把水壶的口对准根部而不是叶子。路过的人说起这片苗床，都说是被{PAWN_nameDef}喂大的。
Head,gardening,2,数着芽的
Scene,gardening,2,{PAWN_nameDef}先扒开表土看了一遍根，然后把虫咬的几片叶子摘下来丢进堆肥桶，接着在记录板上画了一横。一天里{PAWN_nameDef}要回苗床三四趟。
Head,gardening,3,留种的人
Scene,gardening,3,{PAWN_nameDef}先把长得最差的几株单独拔出来，然后挑出最稳产的那一批挂绳做记号，接着把晒好的种子装进玻璃罐。别人的菜够吃就行，{PAWN_nameDef}要的是明年还这样。
Head,gardening,4,换土的
Scene,gardening,4,{PAWN_nameDef}先把板结的表层刮掉一层，然后混进堆肥和骨灰翻匀，接着把苗一棵棵扶回原处。手洗干净之后{PAWN_nameDef}指甲缝里还是有土。
Head,butchery,1,提分骨刀的
Scene,butchery,1,{PAWN_nameDef}先把皮从后腿那道口子往下剥，然后顺着关节把肋排拆成一条一条，接着把肠子冲干净挂到架子上。收工后{PAWN_nameDef}在井边把围裙搓了两遍。
Head,butchery,2,称重量的
Scene,butchery,2,{PAWN_nameDef}先把秤钩挂上肉挂，然后削掉发暗的那层脂肪，接着把分好的肉按号码推进冷库。{PAWN_nameDef}报出的重量没人需要再核一遍。
Head,butchery,3,磨刀的
Scene,butchery,3,{PAWN_nameDef}先把刀在磨石上来回推了三十下，然后割开一层薄膜试刃口，接着把剔下的骨头码进桶里。刀具架上有专属于{PAWN_nameDef}的那一格。
Head,butchery,4,记头数的
Scene,butchery,4,{PAWN_nameDef}先把今天的编号写到木牌上，然后翻开眼皮和牙齿看了一遍状况，接着把名单交给管仓的人。说到哪一头时{PAWN_nameDef}用的是编号不是名字。
Head,television,1,占着沙发那头的
Scene,television,1,{PAWN_nameDef}先把遥控器上的橡胶按键按得发亮，然后往靠背后面塞了两块垫布，接着把脚边的空罐踢到一边。屏幕关了以后{PAWN_nameDef}还坐在原位看了一会儿发黑的玻璃。
Head,television,2,补完最后一集的
Scene,television,2,{PAWN_nameDef}先把音量调到刚好听得清又不吵到人，然后把晚饭端到茶几上，接着把要说的话留到广告时间再说。别人叫{PAWN_nameDef}搭把手，回答都是等一下。
Head,television,3,守着信号杆的
Scene,television,3,{PAWN_nameDef}先爬到屋顶把天线的朝向偏了两指，然后回屋把雪花点看成清晰画面，接着记住这集停在哪里才走。第二天{PAWN_nameDef}接着从那一段看下去。
Head,television,4,看旧带的
Scene,television,4,{PAWN_nameDef}先从柜里翻出一盘磨白了的影带，然后吹掉接口上的灰插进去，接着把灯全关掉。片尾曲响完{PAWN_nameDef}又把它倒回去重看一遍。
Head,alcohol,1,温着酒的
Scene,alcohol,1,{PAWN_nameDef}先把柜门最里那瓶摸出来，然后给自己倒了小半杯，接着把盖子旋回去藏到干草底下。开工之前{PAWN_nameDef}要先去确认它还在不在。
Head,alcohol,2,拿搪瓷缸喝的
Scene,alcohol,2,{PAWN_nameDef}先把麦汁倒进缸子，然后蹲到门口把它喝完，接着又去酿桶边转了一圈。手边没杯子时{PAWN_nameDef}会直接对着桶沿。
Head,alcohol,3,睡前必须来一杯的
Scene,alcohol,3,{PAWN_nameDef}先把靴子蹬到床脚底下，然后从枕头下面摸出小瓶，接着把塞子用牙咬开。哪天那一瓶被人提前喝了，{PAWN_nameDef}一整天都坐立不安。
Head,alcohol,4,赊酒的
Scene,alcohol,4,{PAWN_nameDef}先把银钱在掌心里数了两遍，然后指着最烈的要了一瓶，接着坐到门边慢慢喝完。商人再来时{PAWN_nameDef}开口第一句就问带够了没有。
Head,smokeleaf,1,卷烟的
Scene,smokeleaf,1,{PAWN_nameDef}先把干叶在掌心搓碎，然后撕下一条纸把它卷紧，接着用指甲封住口。{PAWN_nameDef}口袋里永远有一小包压得扁扁的碎叶。
Head,smokeleaf,2,饭后那一根的
Scene,smokeleaf,2,{PAWN_nameDef}先把碗推到桌子中间，然后从怀里摸出卷好的叶子点着，接着把椅子往后挪了挪靠着。谁收走{PAWN_possessive}那点存货，{PAWN_nameDef}会当场翻脸。
Head,smokeleaf,3,躲到烟囱后面的
Scene,smokeleaf,3,{PAWN_nameDef}先把门带上绕到屋后，然后抬头看烟从囱口出去没有，接着蹲下来慢慢抽完。回到屋里{PAWN_nameDef}先把手在裤子上擦了两下。
Head,smokeleaf,4,拿叶子抵工的
Scene,smokeleaf,4,{PAWN_nameDef}先把烟叶称好交给管仓的人，然后把剩下的碎末装进自己的罐子，接着在名单上按了个记号。谈条件时{PAWN_nameDef}会先把罐子往桌上一放。
Head,harddrugs,1,数药片的
Scene,harddrugs,1,{PAWN_nameDef}先把锡纸上的九粒按顺序划成三份，然后收好两瓶标签不同的，接着把多余的塞进靴筒。做选择之前{PAWN_nameDef}要先把瓶子拿起来看一遍。
Head,harddrugs,2,先打一针再干活的
Scene,harddrugs,2,{PAWN_nameDef}先把针头对着光排掉气泡，然后卷起袖子在手臂上拍了一下，接着把空瓶丢进铁盒。干不进活时{PAWN_nameDef}会去翻那个铁盒。
Head,harddrugs,3,要快的那种
Scene,harddrugs,3,{PAWN_nameDef}先把白色的粉末倒在台面上分成两堆，然后嗅了嗅皱起鼻子，接着低头吸了一口。之后{PAWN_nameDef}能在两天里不睡也不吃。
Head,harddrugs,4,混着吃的
Scene,harddrugs,4,{PAWN_nameDef}先把两种瓶子各倒出一指深，然后混进半杯甜水里搅开，接着仰头喝完。第二天{PAWN_nameDef}想不起自己说过什么话。
Head,chemistry,1,守着反应瓶的
Scene,chemistry,1,{PAWN_nameDef}先把蒸馏瓶卡进铁夹，然后在下面的锅里撒了一把盐，接着用指甲敲了敲管壁听声。配方卡上被{PAWN_nameDef}添了一整列自己的批注。
Head,chemistry,2,记颜色的
Scene,chemistry,2,{PAWN_nameDef}先把试管对着窗光举起来，然后往里面滴了两滴试剂，接着把变色的那几支单独摆到架上。别人问起时{PAWN_nameDef}报得出每一种颜色。
Head,chemistry,3,闻气味的
Scene,chemistry,3,{PAWN_nameDef}先把护目镜推上去，然后在瓶口用手扇了一口气过来，接着把盖子拧紧放回原处。仓里哪一批不合规{PAWN_nameDef}走一遍就知道了。
Head,chemistry,4,控温的
Scene,chemistry,4,{PAWN_nameDef}先把炉温降了指纹那么厚，然后把投料的速度放慢，接着在旁边等它冷到能上手。烧坏的那一炉{PAWN_nameDef}留了半瓶作对比。
Head,cooking,1,尝咸淡的
Scene,cooking,1,{PAWN_nameDef}先把汤勺在碗沿上磕了两下，然后尝了一口又加了半撮盐，接着把火调小让它自己收汁。同一锅里{PAWN_nameDef}会分两个火口各留一份。
Head,cooking,2,分盘的
Scene,cooking,2,{PAWN_nameDef}先把粗餐分给干重活的人，然后把剩下的三份装进陶盘，接着在顶上摆了几片腌果。打饭时{PAWN_nameDef}会问今天想吃点什么。
Head,cooking,3,备料的
Scene,cooking,3,{PAWN_nameDef}先把肉按厚度片成三档，然后把根菜切成一样的块，接着把香草捆好挂到钩上。别人下锅前{PAWN_nameDef}已经把料按次序摆齐。
Head,cooking,4,留底味的
Scene,cooking,4,{PAWN_nameDef}先把前一天剩的汤底倒回锅里，然后补了一把骨渣，接着守着小火煨了两个钟头。新那一锅没加什么东西就已经有味道。
Head,research,1,不肯下台的
Scene,research,1,{PAWN_nameDef}先把记录板的纸翻过一页，然后把台子的读数抄进自己的本子，接着在进度前又站了一会儿。睡前{PAWN_nameDef}会去确认台子还没停。
Head,research,2,重算一遍的
Scene,research,2,{PAWN_nameDef}先把别人算过的数据重新敲进终端，然后核了三遍小数点，接着把自己那处不同单独标出来。那一处最后证明{PAWN_nameDef}是对的。
Head,research,3,抄近道的
Scene,research,3,{PAWN_nameDef}先把旧笔记找出来翻了一遍，然后跳过两个自认为没用的分支，接着把剩下的步骤改短一截。省下的时间{PAWN_nameDef}又开了一项。
Head,research,4,半夜回来改的
Scene,research,4,{PAWN_nameDef}先把写歪的那一行划掉，然后把新的图纸重新描了一遍，接着夹到门边的板子上。天亮之前{PAWN_nameDef}又回来看了一次。
Head,medicine,1,缝口的
Scene,medicine,1,{PAWN_nameDef}先把针在灯上燎过一遍，然后把创缘的两边对齐捏住，接着走了一排细密的针脚。换药时{PAWN_nameDef}记得上一次线结打在哪一头。
Head,medicine,2,分药量的
Scene,medicine,2,{PAWN_nameDef}先把病人按轻重排了次序，然后从瓶里倒出正好一半的分量，接着在木牌上写了服第二次的时间。有人多吃一粒{PAWN_nameDef}当天就发现。
Head,medicine,3,按住伤员的
Scene,medicine,3,{PAWN_nameDef}先把布条咬在嘴里当垫，然后把伤员的肩膀往下压，接着在喊声中把碎片挑出来。做完{PAWN_nameDef}才松开自己的牙。
Head,medicine,4,夜里换药的
Scene,medicine,4,{PAWN_nameDef}先把床边的水盆换了一遍，然后把纱布从外圈往里揭，接着凑近闻了一下创口。第二天{PAWN_nameDef}第一件事就是去那张床。
Head,handcraft,1,量两遍的
Scene,handcraft,1,{PAWN_nameDef}先把墨线在木料上弹了一遍，然后又用尺把那道线量了一次，接着才落刀。差过一毫米的东西{PAWN_nameDef}会拆掉重来。
Head,handcraft,2,挑纹路的
Scene,handcraft,2,{PAWN_nameDef}先把刨花吹开看纹理走向，然后把这一面朝外摆好，接着把另一块挪到背面去。做完{PAWN_nameDef}还会翻过来再看一次。
Head,handcraft,3,收边的人
Scene,handcraft,3,{PAWN_nameDef}先把接缝的毛口刮平，然后搓了一小撮蜡抹上去，接着用指甲把多余的刮净。别人手上那件{PAWN_nameDef}一眼看得出哪一步省了。
Head,handcraft,4,不肯交次的
Scene,handcraft,4,{PAWN_nameDef}先把做好的那件拿起来斜着看光，然后放回去又改了一处，接着在名单上把自己那格往后挪。挪了三次{PAWN_nameDef}才交出去。
Head,cleaning,1,顺走道的
Scene,cleaning,1,{PAWN_nameDef}先把地上的碎木踢到一边，然后蹲下去把缝里的沙土抠出来，接着把水桶提到下一段。走道里有几块地砖是{PAWN_nameDef}专门擦过的。
Head,cleaning,2,擦第二遍的
Scene,cleaning,2,{PAWN_nameDef}先把桌面的水渍抹开，然后等它干了再擦一遍，接着把边角的灰挑出来。擦完之后{PAWN_nameDef}会背着手站在那儿看一眼。
Head,cleaning,3,管脏衣筐的
Scene,cleaning,3,{PAWN_nameDef}先把泡烂的那几件捞出来单独搓，然后把锅灰和血渍分开处理，接着把晾好的按人分堆。谁把脏衣扔在地上{PAWN_nameDef}会当场叫住{PAWN_objective}。
Head,cleaning,4,堵老鼠洞的
Scene,cleaning,4,{PAWN_nameDef}先把仓房角落的碎草清出去，然后塞进一团浸了油的布，接着把木箱抬离墙面两指。别人以为仓库干净是运气，其实是{PAWN_nameDef}每周走一遍。
Head,construction,1,先下地基的
Scene,construction,1,{PAWN_nameDef}先把草皮揭掉一层，然后把石灰撒出四角，接着把第一块条石压进泥里。墙起来以后{PAWN_nameDef}会挨面敲上去听声。
Head,construction,2,上梁的
Scene,construction,2,{PAWN_nameDef}先把绳子在肩上过了一遍，然后踩着立柱爬上去卡住榫口，接着在顶上喊落钩的方向。框架立起来那天{PAWN_nameDef}绕着它走了两圈。
Head,construction,3,补漏顶的
Scene,construction,3,{PAWN_nameDef}先把翘起的铁皮按下去，然后钉上两枚新钉，接着把碎沥青抹在缝上。第二天雨点打下来时{PAWN_nameDef}抬头听了一会儿。
Head,construction,4,划线的人
Scene,construction,4,{PAWN_nameDef}先把墨斗线拉到另一端，然后弹出一道白印，接着蹲下来看它是不是直的。别人建歪的地方{PAWN_nameDef}宁可拆了自己再砌一遍。
Head,mining,1,贴壁听的
Scene,mining,1,{PAWN_nameDef}先把灯笼压低照着掌子面，然后把耳朵贴到岩壁上，接着在石头上画了一个圈。往下三格正好是脉。
Head,mining,2,敲反光面的
Scene,mining,2,{PAWN_nameDef}先把浮石铲到一边，然后凿下一片带亮点的岩面，接着把它装进自己的口袋。回到地面{PAWN_nameDef}第一件事是摊开手掌看那一片。
Head,mining,3,撑木架的
Scene,mining,3,{PAWN_nameDef}先把顶板的碎屑扫掉，然后把立柱的角度偏了两分，接着用槌把它敲到位。别人从{PAWN_nameDef}撑过的地方走过时不用抬头。
Head,mining,4,认石头味的
Scene,mining,4,{PAWN_nameDef}先把矿石舔了一下嘴角，然后把粉末捻开闻了闻，接着把这一堆单独归成一类。矿车装错时{PAWN_nameDef}会喊停。
Head,melee,1,贴着打的
Scene,melee,1,{PAWN_nameDef}先把刀柄往掌心里顶了顶，然后侧身让过第一下，接着把肩撞进对手怀里。打完{PAWN_nameDef}先回头看自己有没有还站着。
Head,melee,2,换握法的
Scene,melee,2,{PAWN_nameDef}先把缠绳的手柄绕了两道，然后在地上蹭掉鞋底的泥，接着把重心压到后脚。对面冲过来时{PAWN_nameDef}已经站定了。
Head,melee,3,听完风声的
Scene,melee,3,{PAWN_nameDef}先把呼吸压下去听那一下破风，然后把身子往左偏了半掌，接着反手把肘送进对方喉咙。收手时{PAWN_nameDef}先看了看自己手腕有没有肿。
Head,melee,4,把架式教下去的
Scene,melee,4,{PAWN_nameDef}先把新人的握法纠正了三遍，然后按住对方的肩演示怎么挨打不倒，接着让{PAWN_objective}自己再来十次。训练场上{PAWN_nameDef}喊得最久。
Head,dodging,1,偏半掌的
Scene,dodging,1,{PAWN_nameDef}先把肩膀松下去，然后在刀到之前偏了半掌，接着借对手自己的冲力把{PAWN_objective}带到地上。事后{PAWN_nameDef}只是拍了拍手上的土。
Head,dodging,2,看肩不看刀的
Scene,dodging,2,{PAWN_nameDef}先把眼睛从刃口挪到对方肩头，然后朝外侧退了一步，接着在对方收不住时伸手推了一把。{PAWN_nameDef}的衣服基本没脏。
Head,dodging,3,往低处滚的
Scene,dodging,3,{PAWN_nameDef}先把膝一弯沉下去，然后顺着挥空的那一下滚到腿外侧，接着抓一把沙土扬起来。站起来时{PAWN_nameDef}已经换到背靠墙的位置。
Head,dodging,4,不接第一下的
Scene,dodging,4,{PAWN_nameDef}先向后斜了两步把节奏拖乱，然后等对方换手的空隙贴近，接着把{PAWN_objective}的手腕拧到背后。别人问起{PAWN_nameDef}说第一下最不该硬接。
Head,shooting,1,先吸气的
Scene,shooting,1,{PAWN_nameDef}先把枪托抵进肩窝，然后吸半口气慢慢放掉，接着在呼气尽头扣下去。靶上的弹孔挤在一个指掌的圈里。
Head,shooting,2,算风偏的
Scene,shooting,2,{PAWN_nameDef}先把草茎举到风里看方向，然后把准星往旁边挪了一指，接着打完三发。{PAWN_nameDef}把这一场的风记在了枪托侧面。
Head,shooting,3,省子弹的
Scene,shooting,3,{PAWN_nameDef}先把距离数了两遍，然后等目标走进那排树之间才抬枪，接着只放了一发。别人开到第五枪时{PAWN_nameDef}还没打完一匣。
Head,shooting,4,夜里听响的
Scene,shooting,4,{PAWN_nameDef}先把枪口压到栅栏横木那一格，然后听着脚步靠过来才动，接着朝声音最闷的地方打。天亮检查时{PAWN_nameDef}在雪地上找到了那具。
Head,killing,1,擦完再收的
Scene,killing,1,{PAWN_nameDef}先把刀刃在草上蹭了两下，然后把血从指缝里抹干净，接着把刀插回鞘里。回到营地{PAWN_nameDef}先找水喝，不是去洗手。
Head,killing,2,翻口袋的
Scene,killing,2,{PAWN_nameDef}先把地上的那只手翻过来看了看指甲，然后从外套口袋里摸出钱袋，接着把身份牌收进自己的盒子。做这些时{PAWN_nameDef}的节奏和平时一样。
Head,killing,3,不闭眼的
Scene,killing,3,{PAWN_nameDef}先把对方的眼睛撑开看了一遍，然后把那张脸记下来，接着在墙内侧刻了一横。别人问刻了多少，{PAWN_nameDef}说要回去数。
Head,killing,4,顺手理头发的
Scene,killing,4,{PAWN_nameDef}先把溅到额前的一缕头发拨开，然后把枪口朝下走回来，接着问今天还有几趟活。说完{PAWN_nameDef}自己先笑了一下。
Head,cruelty,1,掀开布单的
Scene,cruelty,1,{PAWN_nameDef}先把盖在脸上的布单掀到一边，然后把灯拉到近处照着开口，接着伸手进去摸肋骨的位置。台子上的人醒了一半，{PAWN_nameDef}让{PAWN_objective}再躺回去。
Head,cruelty,2,按号码摆的
Scene,cruelty,2,{PAWN_nameDef}先把取下来的东西依次放进盐水盆，然后在木牌上写了号码，接着把盆端到阴凉处。{PAWN_nameDef}从不提这些东西原先在谁身上。
Head,cruelty,3,叫人多按一会儿的
Scene,cruelty,3,{PAWN_nameDef}先把绳子在床腿上绕了两圈，然后把刀口的位置比了一下，接着回头让旁人再按住一会儿。{PAWN_nameDef}说这样刀才不会抖。
Head,cruelty,4,量得刚好的人
Scene,cruelty,4,{PAWN_nameDef}先把翻开的皮肉把角度摆正，然后沿着上一条线接着切，接着在合适的位置停手。缝回去之后{PAWN_nameDef}还检查了两边是否对称。
Head,lovemaking,1,换床伴的
Scene,lovemaking,1,{PAWN_nameDef}先把别人的外套从自己床上拿走，然后把新的一件挂到门后，接着把昨晚剩下的半壶水分给{PAWN_objective}。第二天{PAWN_nameDef}已经坐到另一张桌边了。
Head,lovemaking,2,不睡第二晚的
Scene,lovemaking,2,{PAWN_nameDef}先把散在地上的鞋摆正，然后在天亮前从窗口翻出去，接着到井边洗了脸当作什么都没发生。谁再提，{PAWN_nameDef}会换个话题。
Head,lovemaking,3,挑人的
Scene,lovemaking,3,{PAWN_nameDef}先把灯芯挑亮了一些，然后把酒推到对面那人手边，接着把手搭到{PAWN_possessive}椅背上。等第三次时{PAWN_nameDef}找的面孔又换了。
Head,lovemaking,4,数得清的
Scene,lovemaking,4,{PAWN_nameDef}先把那些名字在心里过了一遍，然后在本子上又添了一笔，接着把纸合上塞回枕下。有人问起人数时{PAWN_nameDef}答得比谁都快。
Head,socializing,1,递水的
Scene,socializing,1,{PAWN_nameDef}先把水壶递给站得最远的那个人，然后把{PAWN_objective}没说完的半句接下去，接着替{PAWN_objective}把椅子挪近了一点。谁饿了{PAWN_nameDef}会自己去看灶上还有没有。
Head,socializing,2,记得事的人
Scene,socializing,2,{PAWN_nameDef}先把别人随口说的那句牢骚记住，然后从自己那份里匀出一块递过去，接着什么也没解释。有人生病到第三天{PAWN_nameDef}会把汤端过去。
Head,socializing,3,劝架的
Scene,socializing,3,{PAWN_nameDef}先把两人中间那把椅子抽走，然后把其中一人拉到门外，接着把话说给另一人听。散开时{PAWN_nameDef}答应两边都不转述。
Head,socializing,4,把话头让出去的
Scene,socializing,4,{PAWN_nameDef}先把刚到嘴边的话咽回去，然后朝对面那人点头示意{PAWN_objective}接着说，把自己那份吃食推了过去。桌边冷场时{PAWN_nameDef}会自己接住。
Head,trading,1,先问需求的
Scene,trading,1,{PAWN_nameDef}先把商人领到仓房最空的那面墙，然后指着两筐问价，接着把价格抬高三成再松手。成交时{PAWN_nameDef}已经算清下次该还什么。
Head,trading,2,翻货堆的
Scene,trading,2,{PAWN_nameDef}先把最上层的好货拨到一边，然后掀开底下看压着什么，接着拿一块在手里掂了掂。商人知道在{PAWN_nameDef}面前瞒不住。
Head,trading,3,换零头的
Scene,trading,3,{PAWN_nameDef}先把银块在石头上磕出个小口，然后用布擦了擦看断面，接着把碎银按分量分到桌上。找零时{PAWN_nameDef}会数两遍。
Head,trading,4,记人脸的
Scene,trading,4,{PAWN_nameDef}先把上次那人的名字复述了一遍，然后把货单按来路排在桌上，接着挑最缺的那样先谈。谈完{PAWN_nameDef}把对方报的价记到木板上。
Head,diplomacy,1,先让对方坐的
Scene,diplomacy,1,{PAWN_nameDef}先把椅子搬到桌前给来客，然后倒了一杯推过去，接着把自己要说的话往后压了一段。眼看要谈崩时{PAWN_nameDef}先把门打开透风。
Head,diplomacy,2,换说法的
Scene,diplomacy,2,{PAWN_nameDef}先把对方那句带火气的话改成一个中性的词，然后照这个词重新提了一遍，接着看两边各自的脸色。同一句{PAWN_nameDef}能换四种说法讲。
Head,diplomacy,3,留面子的
Scene,diplomacy,3,{PAWN_nameDef}先把有错那方的名字挡到自己身后，然后提出一个两边都能算成赢的数目，接着让两边先签字。散场时{PAWN_nameDef}谁也不送。
Head,diplomacy,4,把账摊开的
Scene,diplomacy,4,{PAWN_nameDef}先把两本账并排放到桌上，然后用指点出对不上的那一行，接着抬头问谁愿意先动。{PAWN_nameDef}说数字不用吵架。
Head,animals,1,蹲下说话的
Scene,animals,1,{PAWN_nameDef}先把身体低下去与畜头齐平，然后把手背伸到{PAWN_possessive}鼻子前，接着才去摸那道颈骨。头回见{PAWN_nameDef}的牲口两天后就肯跟着{PAWN_objective}走。
Head,animals,2,换草料的
Scene,animals,2,{PAWN_nameDef}先把发霉的那一把挑出来丢掉，然后添上晒过的那捆，接着把水槽挪远了一点。畜群听见{PAWN_nameDef}的脚步会先抬起头。
Head,animals,3,抱回屋里焐的
Scene,animals,3,{PAWN_nameDef}先把冻僵的幼崽塞进自己衣襟，然后往炉边挪出半个坐位，接着守到它自己站起来。别人说不划算时{PAWN_nameDef}把幼崽抱得更紧。
Head,animals,4,梳毛的人
Scene,animals,4,{PAWN_nameDef}先把背上结的草籽梳下来，然后翻开耳朵检查有没有蜱，接着把蹄缝里的小石子挑出去。上鞍之前{PAWN_nameDef}一定要先梳这一遍。
Head,animalabuse,1,踢翻食槽的
Scene,animalabuse,1,{PAWN_nameDef}先把食槽一脚踢翻，然后拎起那头站不住的往石头上掼，接着把刀口按到{PAWN_possessive}脖子上。畜栏的人往后退了一步给{PAWN_nameDef}让路。
Head,animalabuse,2,当靶子的
Scene,animalabuse,2,{PAWN_nameDef}先把拴着的牲口牵到空地，然后退开二十步举起枪，接着笑着看那一枪打偏到哪里。{PAWN_nameDef}说这是练手。
Head,animalabuse,3,拿皮换酒的
Scene,animalabuse,3,{PAWN_nameDef}先把还带着毛的皮卷起来，然后与商人换了半瓶烈酒，接着坐到门边朝着畜栏的方向喝。谁劝{PAWN_nameDef}会把手里的刀转一圈。
Head,animalabuse,4,嫌叫得烦的
Scene,animalabuse,4,{PAWN_nameDef}先在耳朵边上落了一刀很浅的口，然后听它又叫了一声，接着又补了一刀。做完{PAWN_nameDef}说这样总算安静了。
Head,stealing,1,绕开人的
Scene,stealing,1,{PAWN_nameDef}先把哨位换班那两分钟算好，然后从仓房后窗伸进胳膊，接着把东西塞进外套内衬。第二天{PAWN_nameDef}还第一个进去点名。
Head,stealing,2,顺手那一下的
Scene,stealing,2,{PAWN_nameDef}先把桌上的零钱拨到掌心，然后借整理桌布的动作把它带起来，接着走人。事后{PAWN_nameDef}回头问有没有人看见自己的钱包。
Head,stealing,3,翻别人抽屉的
Scene,stealing,3,{PAWN_nameDef}先把门闩用一片薄木挑开，然后摸到柜里那一格，接着把别的东西原样摆好再合上盖子。别人少了一样时{PAWN_nameDef}比谁都急着帮着找。
Head,stealing,4,留假账的
Scene,stealing,4,{PAWN_nameDef}先在领料单上多写了两格，然后把笔迹描淡，接着把纸倒回原来的角度。晚上{PAWN_nameDef}把多出来的那份分到厨房去。
Head,finefood,1,挑出碎末的
Scene,finefood,1,{PAWN_nameDef}先把盘边那一圈酱汁抹开尝了一遍，然后用刀尖挑出不合口味的碎末，接着要了半罐腌果收尾。粗餐端上来时{PAWN_nameDef}会先放下勺子。
Head,finefood,2,要第二次调味的
Scene,finefood,2,{PAWN_nameDef}先把盐罐拿在手里停了两秒，然后往盘里撒了一点点，接着把罐子递给对面的人。{PAWN_nameDef}说这一份还差一层。
Head,finefood,3,分着尝的
Scene,finefood,3,{PAWN_nameDef}先把厨子刚出锅那一勺截下来，然后分成三个小碟让三个人尝，接着自己先闭眼那一下。之后{PAWN_nameDef}绕去仓里挑装盘的碗。
Head,finefood,4,不肯吃完的
Scene,finefood,4,{PAWN_nameDef}先把最后一口的分量留在盘里，然后倒掉那杯兑了水的酒，接着把盘子推到桌中间。别人问起{PAWN_nameDef}说已经饱了。
Head,heatwork,1,脱到只剩汗衫的
Scene,heatwork,1,{PAWN_nameDef}先把袖子挽到肘上两节，然后把汗衫下摆扯出来抖了抖，接着站到炉口正对的那边。别人躲阴凉时{PAWN_nameDef}往更亮的地方凑。
Head,heatwork,2,晒着喝水的
Scene,heatwork,2,{PAWN_nameDef}先把水桶搬到日头底下的空地，然后灌了一口含着没咽，接着回头把砖码完最后一层。{PAWN_nameDef}说屋里干活闷得慌。
Head,heatwork,3,守窑的那一个
Scene,heatwork,3,{PAWN_nameDef}先把窑口的堵泥重新抹了一遍，然后把脸凑到缝前看里面的火色，接着挪了个坐位挡住风口。夜里{PAWN_nameDef}就睡在窑墙外那半边。
Head,heatwork,4,嫌天不够热的
Scene,heatwork,4,{PAWN_nameDef}先把窗板全部推开，然后把床挪到日头晒得到的那块地上，接着抱怨今天风太凉。降温那几天{PAWN_nameDef}反而不想动弹。
Head,coldwork,1,不戴手套的
Scene,coldwork,1,{PAWN_nameDef}先把袖口扎紧，然后在雪地上直接跪下去量间距，接着用指节敲了敲冻住的接口。有人递手套给{PAWN_nameDef}，{PAWN_objective}摆手说戴着不灵。
Head,coldwork,2,睡在外屋的
Scene,coldwork,2,{PAWN_nameDef}先把火盆端出门外，然后把门留了一条缝，接着把毯子拉到下巴。早上别人挤在炉边时{PAWN_nameDef}已经劈完一堆柴。
Head,coldwork,3,往风口去的
Scene,coldwork,3,{PAWN_nameDef}先把栅栏的迎风面重新检查了一遍，然后站到缺口处试了试那股风，接着把木桩再砸深一寸。天越白{PAWN_nameDef}话越少。
Head,coldwork,4,喜欢呵白气的
Scene,coldwork,4,{PAWN_nameDef}先把铁皮栏杆上的霜刮下来舔了一下，然后呼出一大团白气看它散开，接着把手伸到栏杆外面去。屋里烧得太旺时{PAWN_nameDef}会开窗睡。
Head,eatingspeed,1,两口一份的
Scene,eatingspeed,1,{PAWN_nameDef}先把勺子插进盘子中间，然后低头连着推了两口，接着把杯子端到嘴边一仰。碗底还没看清{PAWN_nameDef}已经站起来了。
Head,eatingspeed,2,先抢位置的
Scene,eatingspeed,2,{PAWN_nameDef}先把桌边那个位子按住，然后坐下时已经拧开了面包的纸，接着把整块塞进去一半。有人跟{PAWN_nameDef}说话时{PAWN_possessive}腮帮还在动。
Head,eatingspeed,3,不留汤的
Scene,eatingspeed,3,{PAWN_nameDef}先把汤盆端起来转了半圈，然后往嘴里倒了最后那口，接着用面包把盆底擦了一遍。{PAWN_nameDef}抬头时别人才吃到一半。
Head,eatingspeed,4,饭点像打仗的
Scene,eatingspeed,4,{PAWN_nameDef}先把靴子在桌腿上蹭了两下，然后一手抓两个团子，接着边嚼边往外走。有人问好不好吃，{PAWN_nameDef}已经说不清刚才吃的是什么。
Head,breakdown,1,把自己关起来的
Scene,breakdown,1,{PAWN_nameDef}先把门闩落下来，然后吹灭灯坐到墙角，接着用两只手抱住头。第二天{PAWN_nameDef}从屋里出来，谁问都说不记得那晚发生了什么。
Head,breakdown,2,砸手边东西的
Scene,breakdown,2,{PAWN_nameDef}先把桌上的杯子扫到地上，然后抓起垫子撕开，接着踢翻了脚边的木箱。事后{PAWN_nameDef}蹲下去把碎片一片一片捡起来。
Head,breakdown,3,喊到没声的
Scene,breakdown,3,{PAWN_nameDef}先把床沿攥出一道印子，然后喊了两声，接着靠着墙滑坐到地上。之后几天{PAWN_nameDef}说话的气音都是哑的。
Head,breakdown,4,不辨好坏的
Scene,breakdown,4,{PAWN_nameDef}先把烧红的铁块从炉里夹出来放到木板上，然后转身走开，接着在门外站了很久。别人把水浇掉之前{PAWN_nameDef}回来看了一眼就走了。
Head,artistry,1,对着光看的
Scene,artistry,1,{PAWN_nameDef}先把石料转了个方向看逆光那道纹，然后削去薄薄一层，接着退开三步眯眼看轮廓。刻完之后{PAWN_nameDef}把它搁到窗台上让它自己待着。
Head,artistry,2,要新颜料的
Scene,artistry,2,{PAWN_nameDef}先把碾钵洗了三遍，然后磨了一小块青金，接着在木板上试那道深浅。画坏的那张{PAWN_nameDef}不让人拿去垫桌。
Head,artistry,3,留着一块的
Scene,artistry,3,{PAWN_nameDef}先把最贵的那块木料从堆底抽出来，然后搁在屋里最干的角落，接着才去用别的料练手。{PAWN_nameDef}说这一件要配得上那块木头。
Head,artistry,4,不肯做第二遍的
Scene,artistry,4,{PAWN_nameDef}先把上一件挪到窗下去摆位置，然后看了看新起的这一件，接着说两件不一样所以只能留一件。之后{PAWN_nameDef}开始画那张构图。
Head,reading,1,夹草茎当签的
Scene,reading,1,{PAWN_nameDef}先把书垫在膝盖上撑开，然后折了根草茎夹进去，接着把灯往自己这边挪了挪。别人来坐那张椅子时会看到{PAWN_nameDef}按住书页不让合上。
Head,reading,2,抄下来的
Scene,reading,2,{PAWN_nameDef}先把看不懂那一段抄到木板上，然后把生词按出现次数排了个队，接着回头重读那一段。抄写板挂在自己床头的钉子上。
Head,reading,3,排队等的
Scene,reading,3,{PAWN_nameDef}先把刚还回去的书又借了回来，然后坐到门外台阶上从上次那道折痕继续，接着把晚饭推迟了两回。{PAWN_nameDef}说自己那一段快完了。
Head,reading,4,讲不出的
Scene,reading,4,{PAWN_nameDef}先把书合上压到胸口，然后盯着房梁想了一会儿，接着说了句别人听不懂的话。第二天{PAWN_nameDef}又翻回同一页。
Head,music,1,上弦的
Scene,music,1,{PAWN_nameDef}先把弦一根一根拧到位，然后按遍品位听有没有杂音，接着把琴身夹在膝上试了两段。晚饭后那条走道上一直是{PAWN_nameDef}的声音。
Head,music,2,边修边弹的
Scene,music,2,{PAWN_nameDef}先把裂开的音孔用胶布贴上，然后刮掉琴码上多余的胶，接着弹了一首最慢的曲子。有人嫌单调，{PAWN_nameDef}说这样才听得清。
Head,music,3,教别人那首的
Scene,music,3,{PAWN_nameDef}先把节拍放慢一半演示，然后让新人自己来一遍，接着在错的地方用指节敲了下琴背。第二天{PAWN_nameDef}把那一段写在纸板上贴到练习处。
Head,music,4,在病房外弹的
Scene,music,4,{PAWN_nameDef}先把门外的台阶坐实，然后把琴放到膝上，接着从最轻的那一首开始弹。有人在里面翻身时{PAWN_nameDef}会停两秒再接上。
Head,workout,1,绕桩跑的
Scene,workout,1,{PAWN_nameDef}先把木桩上的绳结重新系了一遍，然后绕着它跑了十一圈，接着抓住绳子把自己吊上去。落地后{PAWN_nameDef}先喘匀气才去喝水。
Head,workout,2,举石球的
Scene,workout,2,{PAWN_nameDef}先把最大那颗石球上的浮土搓掉，然后深吸一口气把它顶到肩上，接着走了二十步放下。第二天{PAWN_nameDef}把二十步改成了三十步。
Head,workout,3,练摔的
Scene,workout,3,{PAWN_nameDef}先把地上的草皮踩实，然后按住陪练的肩膀倒下去，接着在土里翻了个身爬起来。一天下来{PAWN_nameDef}的衣服就没干过。
Head,workout,4,自己加量的
Scene,workout,4,{PAWN_nameDef}先把袖子里缝进一块铅，然后举了五十下，接着给绑腿又加了一层。别人收工的时候{PAWN_nameDef}还在桩子前。
Head,meditation,1,垫子上坐直的
Scene,meditation,1,{PAWN_nameDef}先把蒲团拍松摆到屋角，然后盘起腿把两只手放到膝上，接着把眼睛半闭。近处响过一次枪声，{PAWN_nameDef}只是把背又挺直了些。
Head,meditation,2,数呼吸的
Scene,meditation,2,{PAWN_nameDef}先把窗缝用布塞上，然后躺平把舌头抵住上颚，接着从一数到三百再来一遍。谁推门进来会先被{PAWN_nameDef}睁眼示意出去。
Head,meditation,3,饭后静一炷香的
Scene,meditation,3,{PAWN_nameDef}先把碗推到桌角，然后走到屋后那棵老树下坐下，接着把外套叠好放到膝上。到点{PAWN_nameDef}自己会睁眼起身。
Head,meditation,4,把杂念写掉的
Scene,meditation,4,{PAWN_nameDef}先把脑子里那三件事刻到木片上，然后压到石头底下，接着闭上眼重新数。想起第四件时{PAWN_nameDef}睁眼又刻了一片。
Head,boardgames,1,摆棋盘的
Scene,boardgames,1,{PAWN_nameDef}先把刻线的木板擦干净，然后把石子按数目分进两侧凹槽，接着推给对面那人示意{PAWN_objective}先走。开局后{PAWN_nameDef}会把手背到后面去。
Head,boardgames,2,故意输半子的
Scene,boardgames,2,{PAWN_nameDef}先把第三步走得很慢，然后装作没看见那条空当，接着到第七步才把局面收回来。对面赢了三局，围观的人看出{PAWN_nameDef}在试{PAWN_possessive}的习惯。
Head,boardgames,3,记别人走法的
Scene,boardgames,3,{PAWN_nameDef}先把上盘那枚重子挪到的位置记住，然后把同样的次序自己摆一遍，接着换了个开局。第三盘对面先沉不住气。
Head,boardgames,4,摆残局的
Scene,boardgames,4,{PAWN_nameDef}先把多余的子收进盒子，然后在木板上只留七颗，接着叫三个人轮着来破。破到最后{PAWN_nameDef}自己演示了一手，两下就完。
Head,healthymeals,1,按顿吃的
Scene,healthymeals,1,{PAWN_nameDef}先把一天分成三段把食物摆好，然后按次序吃自己那份，接着把剩下的原样放回架上。有人递零食过来{PAWN_nameDef}会摆手。
Head,healthymeals,2,煮开水的
Scene,healthymeals,2,{PAWN_nameDef}先把水在壶里滚了两遍，然后把生食单独放到另一块案上，接着把饭前那把青菜焯一下。谁把生水端给{PAWN_nameDef}会被原样推回去。
Head,healthymeals,3,量着吃的
Scene,healthymeals,3,{PAWN_nameDef}先把盘里的东西分成三堆，然后吃完一堆等了一会儿，接着才开始第二堆。{PAWN_nameDef}不吃到站不起来那种程度。
Head,healthymeals,4,不带零食的
Scene,healthymeals,4,{PAWN_nameDef}先把口袋里那点甜的换成一包炒豆，然后嚼完把罐子洗了晾起来，接着喝完睡前那碗汤。仓房钥匙不在{PAWN_nameDef}手里{PAWN_objective}也不在意。
Habit,Aesthete,1,后来{PAWN_nameDef}路过一面白墙也要停下来看它能不能刻点东西，这个毛病再也改不掉了。
Habit,Aesthete,2,{PAWN_nameDef}现在宁可少睡两个钟头，也要把那处不起眼的棱角修顺。
Habit,Aesthete,3,发下来的材料只要够做一件东西，{PAWN_nameDef}就一定留出最差的用途之外的那一份。
Habit,Aesthete,4,{PAWN_nameDef}把能用和好看分得很清楚，并且为了后者多花一倍工时。
Habit,Bloodlust,1,打完之后{PAWN_nameDef}会挨个去看倒下去的人，确认自己有没有错过一个。
Habit,Bloodlust,2,{PAWN_nameDef}开始把近身的距离当成一件让人安心的东西。
Habit,Bloodlust,3,事后别人要{PAWN_nameDef}去休息，{PAWN_objective}先问下一次什么时候。
Habit,Bloodlust,4,{PAWN_nameDef}擦刀的时候手上是有节奏的，像在数着什么。
Habit,BrownThumb,1,{PAWN_nameDef}走到哪儿都会先看那一片土的颜色，改不过来了。
Habit,BrownThumb,2,别人扔掉的根茎{PAWN_nameDef}会捡回去埋上，第二天还去看。
Habit,BrownThumb,3,{PAWN_nameDef}现在判断天气用的是苗床而不是天。
Habit,BrownThumb,4,出远门前{PAWN_nameDef}要把水浇完才肯走，一次也没落下。
Habit,Butcher,1,{PAWN_nameDef}看一头牲口时先看的不是眼睛而是后腿那一段肉。
Habit,Butcher,2,别人绕开的东西{PAWN_nameDef}会走上去用两指按一下弹性。
Habit,Butcher,3,{PAWN_nameDef}收完工具后还会回去把那一片地再冲一遍水。
Habit,Butcher,4,{PAWN_nameDef}报得出每一种骨头能出多少肉，说得比算得快。
Habit,Chemist,1,{PAWN_nameDef}拿到没见过的东西先闻一下，然后才决定放哪里。
Habit,Chemist,2,{PAWN_nameDef}把瓶子按标签朝外的方向摆，谁动过{PAWN_objective}立刻发现。
Habit,Chemist,3,配错一次之后{PAWN_nameDef}会重做三遍，直到颜色回到{PAWN_possessive}记忆里那一样。
Habit,Chemist,4,{PAWN_nameDef}现在听见炉子响就先去看通风口，不看火。
Habit,ColdLover,1,{PAWN_nameDef}夜里会故意把被子掀开一角，第二天照样精神。
Habit,ColdLover,2,别人添柴时{PAWN_nameDef}把窗推开了一格。
Habit,ColdLover,3,{PAWN_nameDef}挑床位专挑风口那头，谁要换{PAWN_objective}都不肯。
Habit,ColdLover,4,手指冻僵了{PAWN_nameDef}反而把活儿干得更细。
Habit,Constitution,1,{PAWN_nameDef}病了也照常吃两顿，然后自己就好了。
Habit,Constitution,2,同一样坏掉的食物{PAWN_nameDef}吃了没事，别人躺了两天。
Habit,Constitution,3,{PAWN_nameDef}现在连伤口都懒得包，说第二天就收口。
Habit,Constitution,4,换季倒下一片时{PAWN_nameDef}还在外头搬东西。
Habit,Diplomat,1,{PAWN_nameDef}听人吵架时先复述一遍双方各自的说法。
Habit,Diplomat,2,{PAWN_nameDef}不肯让任何一句话当场落地，总要接住再放下去。
Habit,Diplomat,3,谈完事{PAWN_nameDef}会分别送两个人到不同的门口。
Habit,Diplomat,4,{PAWN_nameDef}开口前先看屋里谁还没坐下。
Habit,Dodging,1,{PAWN_nameDef}听见风声就会侧身，别人扔过来的东西{PAWN_objective}从来不用手接。
Habit,Dodging,2,坐下时{PAWN_nameDef}一定面朝门口，这个习惯改不掉。
Habit,Dodging,3,{PAWN_nameDef}走路会自然而然避开屋中间那条线。
Habit,Dodging,4,有人抬手{PAWN_nameDef}就退半步，事后自己也没察觉。
Habit,DrugDesire,1,{PAWN_nameDef}开始把口袋里那点存货的份量记得比口粮还清楚。
Habit,DrugDesire,2,手边没有东西可吃时{PAWN_nameDef}会先去翻别人的柜子。
Habit,DrugDesire,3,{PAWN_nameDef}现在一天要分三回去看那个铁盒还在不在。
Habit,DrugDesire,4,到点了{PAWN_nameDef}会开始看门口，谁也看不出{PAWN_objective}在等什么。
Habit,EatingSpeed,1,{PAWN_nameDef}吃完之后还会坐着，只是手里已经没有东西了。
Habit,EatingSpeed,2,别人递话过来时{PAWN_nameDef}已经端着空勺站起来了。
Habit,EatingSpeed,3,{PAWN_nameDef}拿面包时会一口气拿两个，第一个总是没味道。
Habit,EatingSpeed,4,{PAWN_nameDef}把吃饭当成一件挡在活前面的事。
Habit,Gourmet,1,{PAWN_nameDef}开始把盘底那层汁留到最后再动。
Habit,Gourmet,2,同样的菜{PAWN_nameDef}能说出今天多放了什么。
Habit,Gourmet,3,{PAWN_nameDef}宁可少吃一顿也要等那一样做对。
Habit,Gourmet,4,{PAWN_nameDef}拿到配给先闻，再决定要不要坐下。
Habit,HSK_Bookworm,1,{PAWN_nameDef}排队领饭的时候手里也摊着一本。
Habit,HSK_Bookworm,2,{PAWN_nameDef}睡前要把看到的那一页折个极小的角。
Habit,HSK_Bookworm,3,有东西要写时{PAWN_nameDef}会先撕书页的空白边。
Habit,HSK_Bookworm,4,{PAWN_nameDef}已经习惯把听到的话先想成书里怎么写。
Habit,HSK_EarlyRiser,1,{PAWN_nameDef}天亮前一小时就会自然睁眼，然后去把炉子塞满。
Habit,HSK_EarlyRiser,2,{PAWN_nameDef}现在听见公鸡叫会先坐起来，不看时间。
Habit,HSK_EarlyRiser,3,别人醒之前{PAWN_nameDef}已经把当天头三件事做完了。
Habit,HSK_EarlyRiser,4,{PAWN_nameDef}吃过早饭之后的那一整天像是白捡的。
Habit,HSK_Glutton,1,{PAWN_nameDef}把配给分成两次吃，第二次总是提前。
Habit,HSK_Glutton,2,锅还温着的时候{PAWN_nameDef}就会把勺伸进去。
Habit,HSK_Glutton,3,{PAWN_nameDef}现在听见仓门响就会抬头。
Habit,HSK_Glutton,4,吃完自己那份{PAWN_nameDef}还会把盘底再刮一遍。
Habit,HSK_GymRat,1,{PAWN_nameDef}每天开工前要先去把那颗石球举二十下。
Habit,HSK_GymRat,2,等人时{PAWN_nameDef}会靠着墙做几个撑。
Habit,HSK_GymRat,3,{PAWN_nameDef}把重活留给自己，说反正要练。
Habit,HSK_GymRat,4,一天没练{PAWN_nameDef}会觉得肩上是松的，晚上补回去。
Habit,HSK_HealthNut,1,{PAWN_nameDef}生水不喝，冷饭不吃，谁劝也没用。
Habit,HSK_HealthNut,2,{PAWN_nameDef}每天固定时间吃那一顿，误了会补。
Habit,HSK_HealthNut,3,{PAWN_nameDef}开始把肉里的肥的挑出来单独放。
Habit,HSK_HealthNut,4,{PAWN_nameDef}睡前要把窗开一条缝，然后自己盖好。
Habit,HSK_Meditator,1,{PAWN_nameDef}一有空就坐到屋后那棵树下，谁都不说话。
Habit,HSK_Meditator,2,别人急的时候{PAWN_nameDef}先数三口气。
Habit,HSK_Meditator,3,{PAWN_nameDef}夜里醒了不点灯，就在床上重新数呼吸。
Habit,HSK_Meditator,4,{PAWN_nameDef}把杂念刻到木片上压起来这个动作已经停不下来了。
Habit,HSK_Musician,1,{PAWN_nameDef}手指在桌面上的敲击从来没停过。
Habit,HSK_Musician,2,{PAWN_nameDef}一天不碰琴就会去找任何能响的东西。
Habit,HSK_Musician,3,晚上{PAWN_nameDef}不弹完那一段就不去睡。
Habit,HSK_Musician,4,{PAWN_nameDef}听见远处的喧闹会先想它是什么调。
Habit,HSK_NightOwl,1,后来{PAWN_nameDef}半夜起来换保险丝的习惯再也改不掉了。
Habit,HSK_NightOwl,2,{PAWN_nameDef}白天的活要拖到两点钟以后才做得动。
Habit,HSK_NightOwl,3,{PAWN_nameDef}把床位挪到了最不容易被日光晒到的那一头。
Habit,HSK_NightOwl,4,晚饭之后{PAWN_nameDef}就开始有精神，天亮才想睡。
Habit,HSK_Tactician,1,{PAWN_nameDef}看什么都先想第三步会怎样。
Habit,HSK_Tactician,2,{PAWN_nameDef}坐下之前要先看清所有出口。
Habit,HSK_Tactician,3,别人说话{PAWN_nameDef}先猜{PAWN_objective}下一句要什么。
Habit,HSK_Tactician,4,{PAWN_nameDef}收工后还要把那盘没下完的棋再摆一遍。
Habit,HeatLover,1,{PAWN_nameDef}现在挑活儿专挑炉口那一侧，别人躲{PAWN_objective}凑。
Habit,HeatLover,2,{PAWN_nameDef}睡觉要把窗板全合上，还要把床挪到晒得到的地方。
Habit,HeatLover,3,{PAWN_nameDef}一天里最有力气的时候是午后那三个钟头。
Habit,HeatLover,4,{PAWN_nameDef}凉了就要添火，为自己也为别人，说这样才舒服。
Habit,Inventor,1,{PAWN_nameDef}手边永远有一张画了一半的东西。
Habit,Inventor,2,东西坏了{PAWN_nameDef}先别急着修，要先拆开看看为什么。
Habit,Inventor,3,{PAWN_nameDef}睡前要把明天想试的那个法子写在木板上。
Habit,Inventor,4,{PAWN_nameDef}听见别人抱怨某样东西难用就会眼睛一亮。
Habit,Kind,1,{PAWN_nameDef}会把自已那份汤端给刚哭过的人，然后说锅裡还有。
Habit,Kind,2,重活别人没开口{PAWN_nameDef}就先接过来一半。
Habit,Kind,3,{PAWN_nameDef}记住每个人不爱吃什么，上饭时不动声色换掉。
Habit,Kind,4,骂人的话到{PAWN_nameDef}嘴边总会拐个弯变成别的意思。
Habit,Medic,1,{PAWN_nameDef}一听说有人伤了就先去看呼吸，不看脸。
Habit,Medic,2,{PAWN_nameDef}每天要把绷带和药按用量重新码一遍才安心。
Habit,Medic,3,{PAWN_nameDef}夜里会被自己的脚步声叫醒去看那张床。
Habit,Medic,4,别人抬来伤员时{PAWN_nameDef}已经先把台子擦干净了。
Habit,NeatFreak,1,{PAWN_nameDef}退回去看第二眼的毛病再也改不掉。
Habit,NeatFreak,2,{PAWN_nameDef}坐下之前要先把座位擦一遍。
Habit,NeatFreak,3,工具用完{PAWN_nameDef}一定要挂回那一格，挂歪了要重挂。
Habit,NeatFreak,4,{PAWN_nameDef}现在连说话之前都要先把对方身后的背景看一眼。
Habit,PainThreshold,1,{PAWN_nameDef}受伤之后先把别的事做完，再去管伤口。
Habit,PainThreshold,2,{PAWN_nameDef}疼的时候会不出声，只有手指在动。
Habit,PainThreshold,3,{PAWN_nameDef}把止痛药用掉了也不吭一声。
Habit,PainThreshold,4,{PAWN_nameDef}现在别人问要不要抬走时都会说还能走。
Habit,Perfectionist,1,{PAWN_nameDef}交不出自己都看得过去的东西，就宁可不交。
Habit,Perfectionist,2,{PAWN_nameDef}做完工还要退开三步再看一次，然后走回去改。
Habit,Perfectionist,3,{PAWN_nameDef}把差的那一件单独留下，摆到谁都看得见的地方。
Habit,Perfectionist,4,别人说已经很好了的时候{PAWN_nameDef}会沉默，然后接着做。
Habit,Recluse,1,{PAWN_nameDef}现在收工后要单独找一个坐得住的地方。
Habit,Recluse,2,{PAWN_nameDef}吃饭挑最后一个人坐下那张桌。
Habit,Recluse,3,有人来问{PAWN_nameDef}会先把话说得很短，好让对方走。
Habit,Recluse,4,{PAWN_nameDef}夜里起来看月亮，听见别人脚步声就先回屋。
Habit,Rockhound,1,{PAWN_nameDef}走路看见裸露的岩层就要过去敲一下。
Habit,Rockhound,2,{PAWN_nameDef}口袋里总有一块不值钱的石头。
Habit,Rockhound,3,别人问{PAWN_nameDef}今天怎么样，回答里都是矿石。
Habit,Rockhound,4,{PAWN_nameDef}下井之前要先把手掌贴到壁上去。
Habit,ShootingAccuracy,1,{PAWN_nameDef}打完会去数靶上的洞，数不完吃不下饭。
Habit,ShootingAccuracy,2,{PAWN_nameDef}擦枪的时间比擦脸长。
Habit,ShootingAccuracy,3,{PAWN_nameDef}看远处的东西先估距离，再估风。
Habit,ShootingAccuracy,4,别人乱开枪时{PAWN_nameDef}会皱起眉，然后把自己的枪口压低。
Habit,Trader,1,{PAWN_nameDef}看什么都先在心里估个价。
Habit,Trader,2,{PAWN_nameDef}跟谁说话都会先留一句让对方还价。
Habit,Trader,3,{PAWN_nameDef}口袋里有一张记着各家底价的木片。
Habit,Trader,4,买卖做完{PAWN_nameDef}还要回头补一句下次带什么。
Habit,VTE_AnimalHater,1,{PAWN_nameDef}踢开挡路的牲口之后不会回头看。
Habit,VTE_AnimalHater,2,{PAWN_nameDef}不接受把畜养在屋里这回事，说了很多次。
Habit,VTE_AnimalHater,3,有人抱来幼崽{PAWN_nameDef}会绕开那条走道。
Habit,VTE_AnimalHater,4,{PAWN_nameDef}喂牲口是把桶一推，然后就走。
Habit,VTE_AnimalLover,1,{PAWN_nameDef}进仓房第一件事是数畜栏里有几颗头。
Habit,VTE_AnimalLover,2,{PAWN_nameDef}把自己的口粮分一半出去，然后说它今天不吃也行。
Habit,VTE_AnimalLover,3,有人要屠宰{PAWN_nameDef}会先问它是不是养久了。
Habit,VTE_AnimalLover,4,{PAWN_nameDef}睡着的时候身边总卧着一个东西。
Habit,VTE_CouchPotato,1,{PAWN_nameDef}一坐下就不会再自己站起来。
Habit,VTE_CouchPotato,2,{PAWN_nameDef}把遥控器和杯子都摆到手能够到的那一圈。
Habit,VTE_CouchPotato,3,有人叫{PAWN_nameDef}搭把手，回答永远是等一下。
Habit,VTE_CouchPotato,4,{PAWN_nameDef}一天里说话最多的是关于剧情的那几句。
Habit,VTE_Desensitized,1,{PAWN_nameDef}听见有人死掉时先把碗放下，然后才问是谁。
Habit,VTE_Desensitized,2,葬礼上{PAWN_nameDef}负责看名单，不看棺。
Habit,VTE_Desensitized,3,{PAWN_nameDef}已经把别人哭的时间用来做事了。
Habit,VTE_Desensitized,4,有人问{PAWN_nameDef}难道不难受，{PAWN_objective}想了很久也没答上来。
Habit,VTE_Groundbreaker,1,{PAWN_nameDef}每到一个没去过的地方都要先绕一圈。
Habit,VTE_Groundbreaker,2,{PAWN_nameDef}听到墙外有动静会想去看看那边有什么。
Habit,VTE_Groundbreaker,3,{PAWN_nameDef}在没人住过的屋子里也睡得很沉。
Habit,VTE_Groundbreaker,4,{PAWN_nameDef}开始觉得修好的东西比新开的地方差一点。
Habit,VTE_Insatiable,1,{PAWN_nameDef}答应下来的话过一夜就会换个对象。
Habit,VTE_Insatiable,2,{PAWN_nameDef}看人的眼神和三个月前不是同一个方向。
Habit,VTE_Insatiable,3,{PAWN_nameDef}把承诺说得很快，走得也很快。
Habit,VTE_Insatiable,4,{PAWN_nameDef}桌上的情书已经有一沓，{PAWN_objective}说那是旧的了。
Habit,VTE_Kleptomaniac,1,{PAWN_nameDef}手边没有人时手指就会动。
Habit,VTE_Kleptomaniac,2,{PAWN_nameDef}口袋里总有几样说不清来路的零碎。
Habit,VTE_Kleptomaniac,3,{PAWN_nameDef}听见别人丢东西时会比谁都热心地帮着找。
Habit,VTE_Kleptomaniac,4,{PAWN_nameDef}已经习惯了先拿再说不用。
Habit,VTE_Lush,1,{PAWN_nameDef}开工前要先去确认那一瓶还在不在。
Habit,VTE_Lush,2,{PAWN_nameDef}现在手抖的时候第一反应是去看柜子。
Habit,VTE_Lush,3,{PAWN_nameDef}把睡前的那一杯当作一天真正的收尾。
Habit,VTE_Lush,4,有人借走{PAWN_nameDef}的酒，{PAWN_nameDef}当天就把话讲得很硬。
Habit,VTE_MadSurgeon,1,{PAWN_nameDef}开始觉得手术做完就算成功。
Habit,VTE_MadSurgeon,2,{PAWN_nameDef}把血喷出来那一下当作正常现象。
Habit,VTE_MadSurgeon,3,{PAWN_nameDef}在名单上给重的人打勾时手很稳。
Habit,VTE_MadSurgeon,4,{PAWN_nameDef}解释刀口时用的是资源两个字。
Habit,VTE_MartialArtist,1,{PAWN_nameDef}等人时会不知不觉摆出架式。
Habit,VTE_MartialArtist,2,{PAWN_nameDef}看到别人搬东西先纠正{PAWN_possessive}的肩膀。
Habit,VTE_MartialArtist,3,{PAWN_nameDef}每天要摸一次那根缠了绳的木桩。
Habit,VTE_MartialArtist,4,{PAWN_nameDef}已经习惯用第几招来说一件日常事。
Habit,VTE_Stoner,1,{PAWN_nameDef}点火的动作比吃饭还准时。
Habit,VTE_Stoner,2,{PAWN_nameDef}说话前先深深吸一口，然后拖长尾音。
Habit,VTE_Stoner,3,{PAWN_nameDef}口袋里的碎末被人拿走会立刻发现。
Habit,VTE_Stoner,4,{PAWN_nameDef}现在觉得一天里最要紧的事是那一小包。
Habit,VTE_WorldWeary,1,{PAWN_nameDef}听见坏消息时只是点头，说果然。
Habit,VTE_WorldWeary,2,{PAWN_nameDef}已经不再问明天要做什么。
Habit,VTE_WorldWeary,3,{PAWN_nameDef}对好消息的反应比坏消息还慢。
Habit,VTE_WorldWeary,4,有人叫{PAWN_nameDef}高兴一点，{PAWN_objective}会先愣一下再笑。
Habit,AnnoyingVoice,1,{PAWN_nameDef}开口之后屋里的人会先交换一个眼神。
Habit,AnnoyingVoice,2,{PAWN_nameDef}现在习惯把要说的话写下来递过去。
Habit,Faith,1,{PAWN_nameDef}吃饭前要先把手合上一小会儿。
Habit,Faith,2,{PAWN_nameDef}睡前要朝一个方向点一次头，谁问也不解释。
Habit,Immunity,1,{PAWN_nameDef}病了也不躺下，第二天自己就好了。
Habit,Immunity,2,{PAWN_nameDef}把防疫的药水分给别人，自己那份留着不动。
Habit,Industriousness,1,{PAWN_nameDef}手上一停就会去找点什么搬。
Habit,Industriousness,2,{PAWN_nameDef}收工之后还要把那排工具重新码一遍。
Habit,Jealous,1,{PAWN_nameDef}看见别人领到好东西会先记在木板上。
Habit,Jealous,2,{PAWN_nameDef}夸人的时候总要加一句自己也有份。
Habit,Nimble,1,{PAWN_nameDef}走过去的时候地砖几乎不响。
Habit,Nimble,2,{PAWN_nameDef}上台阶从来不用扶手。
Habit,Occultist,1,{PAWN_nameDef}要把听来的那些怪事一条条记下来。
Habit,Occultist,2,{PAWN_nameDef}对着不可见的东西说话时不看任何人的脸色。
Habit,PsychicSensitivity,1,{PAWN_nameDef}一有动静就先按住太阳穴。
Habit,PsychicSensitivity,2,{PAWN_nameDef}开始说谁今天不对劲，而且通常是对的。
Habit,Psychopath,1,{PAWN_nameDef}看人时像在看天气。
Habit,Psychopath,2,{PAWN_nameDef}别人哭的时候{PAWN_objective}只会上前问一句需要做什么。
Habit,QuickSleeper,1,{PAWN_nameDef}躺下不到一炷香就睡着，叫也叫不醒。
Habit,QuickSleeper,2,{PAWN_nameDef}醒来第一件事是看天色还够不够睡。
Habit,Tough,1,{PAWN_nameDef}挨了一下之后先回头看是谁。
Habit,Tough,2,{PAWN_nameDef}扛东西不用膝盖，直接用背。
Habit,VTE_AbsentMinded,1,{PAWN_nameDef}要把钥匙找到第三次才想起来放过哪里。
Habit,VTE_AbsentMinded,2,{PAWN_nameDef}话说一半会停下来，因为忘了要说什么。
Habit,VTE_Anxious,1,{PAWN_nameDef}进屋先数有几扇门能出去。
Habit,VTE_Anxious,2,{PAWN_nameDef}人多时会去摸自己的手腕。
Habit,VTE_Brave,1,{PAWN_nameDef}害怕的时候反而站得更靠前。
Habit,VTE_Brave,2,{PAWN_nameDef}撤退的号令要喊第二遍才肯动。
Habit,VTE_Clumsy,1,{PAWN_nameDef}经过的桌角一定会掉一样东西。
Habit,VTE_Clumsy,2,{PAWN_nameDef}捧着东西走路像捧着随时会炸的东西。
Habit,VTE_ColdInclined,1,{PAWN_nameDef}冷了不加衣，反而去外头多走两圈。
Habit,VTE_ColdInclined,2,{PAWN_nameDef}现在嫌炉边太闷。
Habit,VTE_Coward,1,{PAWN_nameDef}第一反应是退到别人背后。
Habit,VTE_Coward,2,{PAWN_nameDef}听见警报会先找门。
Habit,VTE_DrunkenMaster,1,{PAWN_nameDef}喝多了之后手上的活反倒更稳。
Habit,VTE_DrunkenMaster,2,{PAWN_nameDef}现在要先喝一口才肯上台子。
Habit,VTE_Eccentric,1,{PAWN_nameDef}定的规矩只有{PAWN_objective}自己知道。
Habit,VTE_Eccentric,2,{PAWN_nameDef}做事的顺序谁也别想提前猜到。
Habit,VTE_FunLoving,1,{PAWN_nameDef}把没有乐子的日子过成一种惩罚。
Habit,VTE_FunLoving,2,{PAWN_nameDef}干活干到一半会先去找点热闹。
Habit,VTE_HeatInclined,1,{PAWN_nameDef}太阳越毒{PAWN_objective}越有精神。
Habit,VTE_HeatInclined,2,{PAWN_nameDef}现在主动要求去守晒得最狠的那一段。
Habit,VTE_HeavySleeper,1,{PAWN_nameDef}睡下去之后搬{PAWN_objective}都比叫醒{PAWN_objective}容易。
Habit,VTE_HeavySleeper,2,{PAWN_nameDef}夜里进警报也要第三遍才起身。
Habit,VTE_Insomniac,1,{PAWN_nameDef}天亮时已经在走动，别人以为{PAWN_objective}整夜没躺。
Habit,VTE_Insomniac,2,{PAWN_nameDef}已经放弃数羊，改成数房梁的木节。
Habit,VTE_IronStomach,1,{PAWN_nameDef}把别人倒了的东西吃了，然后去干活。
Habit,VTE_IronStomach,2,{PAWN_nameDef}现在不挑水干不干净，只挑够不够。
Habit,VTE_Prodigy,1,{PAWN_nameDef}教的人还没讲完，{PAWN_objective}已经翻到下一页。
Habit,VTE_Prodigy,2,{PAWN_nameDef}学一样新东西只要三天就不再问人。
Habit,VTE_Prude,1,{PAWN_nameDef}只对一个人好，并且觉得这样才对。
Habit,VTE_Prude,2,{PAWN_nameDef}别人开暧昧玩笑时会把脸转开。
Habit,VTE_RefinedPalate,1,{PAWN_nameDef}吃得不多，但每一口都在评价。
Habit,VTE_RefinedPalate,2,{PAWN_nameDef}把粗餐推到一边，然后自己去灶上看看。
Habit,VTE_Slob,1,{PAWN_nameDef}的床位已经成了一种生态，{PAWN_objective}自己也懒得解释。
Habit,VTE_Slob,2,{PAWN_nameDef}吃完饭把盘留在原地，第二天挪到别处继续留。
Habit,VTE_Snob,1,{PAWN_nameDef}把好东西只给少数人看，然后说他们也看不懂。
Habit,VTE_Snob,2,{PAWN_nameDef}现在用物品的成色来评价人。
Habit,VTE_Submissive,1,{PAWN_nameDef}从不抢活，也多一件都不做。
Habit,VTE_Submissive,2,{PAWN_nameDef}被派到什么就做什么，不问为什么。
Habit,VTE_ThickSkinned,1,{PAWN_nameDef}的伤别人看了皱眉，{PAWN_objective}自己没发现。
Habit,VTE_ThickSkinned,2,{PAWN_nameDef}被砸了一下先去看手里的东西有没有坏。
Habit,VTE_ThinSkinned,1,{PAWN_nameDef}擦破一点皮就要躺一天。
Habit,VTE_ThinSkinned,2,{PAWN_nameDef}现在把护具穿到不需要穿的场合。
Habit,VTE_Tycoon,1,{PAWN_nameDef}看见空地先想它能赚多少。
Habit,VTE_Tycoon,2,{PAWN_nameDef}把仓库的账背下来了，谁都改不动。
Habit,VTE_Vengeful,1,{PAWN_nameDef}记得每一次被亏待，而且不着急。
Habit,VTE_Vengeful,2,{PAWN_nameDef}在木板上刻下了那个人的名字，等哪天再说。
Habit,VTE_Wanderlust,1,{PAWN_nameDef}隔一阵就要一个人走出地图边缘一次。
Habit,VTE_Wanderlust,2,{PAWN_nameDef}待超过半年就会开始问外面的事。
Habit,VTE_Workaholic,1,{PAWN_nameDef}除了工作不知道还能拿自己怎么办。
Habit,VTE_Workaholic,2,{PAWN_nameDef}收工的钟响之后还会再做一整个炉次。
Habit,Wimp,1,{PAWN_nameDef}疼一点就躺到地上，谁来拉也不起。
Habit,Wimp,2,{PAWN_nameDef}现在把轻活也说成做不了。
FrameScene,1,1,{PAWN_nameDef}先把带来的旧行李翻了出来，然后摸了一遍那把用不惯的刀，接着把它挂回墙上最靠里的钉子。有些东西殖民地没给{PAWN_objective}，是{PAWN_nameDef}自己一路带着的。
FrameScene,1,2,{PAWN_nameDef}先拒绝了一次别人的叫法，然后又拒绝了一次，接着在第三次没有反驳。{PAWN_nameDef}带来的那一点天性在这些年里没被改掉，反而站住了。
FrameScene,1,3,{PAWN_nameDef}先把过去用的名字写在木板上，然后把它划掉，接着又把它重新描深。原来那个人还在这里，只是终于腾出手来了。
FrameScene,1,4,{PAWN_nameDef}先把压箱底的那件旧衣抖开，然后穿了一整天，接着把它挂起来而不是塞回去。这些年殖民地给{PAWN_objective}的东西里，也包括这一件。
FrameScene,2,1,{PAWN_nameDef}先把最擅长的那样事做了第三遍，然后教给两个人，接着把自己以前的做法整个换掉。做这么多年之后，{PAWN_nameDef}已经变成这件事的样子了。
FrameScene,2,2,{PAWN_nameDef}先在别人卡住的地方动了手，然后一口气做到天亮，接着把工具留在台子上没收拾。{PAWN_nameDef}最有用的那一部分，如今就是{PAWN_objective}本人的样子。
FrameScene,2,3,{PAWN_nameDef}先把重复了上百次的动作改成自己的那一套，然后省下了半天工时，接着把省下的时间又投回同一件事上。别人现在一说起那样事，先想到的是{PAWN_nameDef}。
FrameScene,2,4,{PAWN_nameDef}先被派去做{PAWN_objective}最拿手的那件事，然后连续做了三个季度，接着没人再问{PAWN_objective}愿不愿意。{PAWN_nameDef}现在就是这个样子了。
FrameScene,3,1,有人在背后用了一个新词形容{PAWN_nameDef}，然后{PAWN_nameDef}自己听见了，接着{PAWN_objective}想反驳却没找出句子。当天{PAWN_nameDef}照旧把那件事做完了。
FrameScene,3,2,{PAWN_nameDef}先把别人说{PAWN_objective}的那句转述当玩笑听，然后在第二个人嘴里又听见同一句，接着{PAWN_nameDef}开始按那句话行事。
FrameScene,3,3,有人把{PAWN_nameDef}的名字写在分工表最合适的那一格，然后看了两遍确认没写错，接着{PAWN_nameDef}自己走过来点了点头。别人怎么叫{PAWN_objective}，{PAWN_nameDef}就慢慢变成那样。
FrameScene,3,4,{PAWN_nameDef}先把议论{PAWN_objective}的话头接过来，然后没有否认，接着把最后一句替他们说了。散开后{PAWN_nameDef}做的事和众人说的完全一致。
FrameScene,4,1,换季清点时管名册的人先把{PAWN_nameDef}那一栏停了一下，然后把旧的字划掉重写，接着把板子递回给{PAWN_nameDef}看。{PAWN_nameDef}看了一眼，说是对的。
FrameScene,4,2,{PAWN_nameDef}先把去年那件做过一半的事做完，然后把工具箱按新的次序重摆，接着在名册上认下自己那一行。清点的人才发觉{PAWN_nameDef}已经不是刚来时那一个。
FrameScene,4,3,{PAWN_nameDef}先把刚来时穿的衣物洗到发白还留着，然后试着换了身新的，接着把旧的那套挂到屋里最显眼的地方。{PAWN_nameDef}现在这个样子是在这里长出来的。
FrameScene,4,4,季末分粮时{PAWN_nameDef}先替别人挑了两次，然后才拿自己那份，接着把多出来的一小包送回仓里。名册上的那一栏写了三个字，{PAWN_nameDef}认了。
FrameHead,1,1,带着旧刀的人
FrameHead,2,1,做熟那件事的人
FrameHead,3,1,被这样叫的人
FrameHead,4,1,换季重数的人
Exit,_,1,{PAWN_nameDef}把那件每天都要做一次的事停了三回，然后发现没人接，接着也就没再去做。
Exit,_,2,{PAWN_nameDef}先把夜里那盏灯留在别人手里，然后睡到了天亮，接着第二天还是睡到了天亮。
Exit,_,3,{PAWN_nameDef}很久没再去摸那样东西了，手上的习惯比人先松开。
Exit,_,4,{PAWN_nameDef}换了一张床位，也换了一整天做事的次序，旧的那一套就没有再回来。
Abstain,_,1,{PAWN_nameDef}把最后那一瓶原样交给管仓的人，然后自己打开了窗，接着连着几夜都睡得很沉。
Abstain,_,2,{PAWN_nameDef}开始把口袋里那点存货掏出来数给别人看，然后扔进火里，接着去洗了手。
Abstain,_,3,{PAWN_nameDef}现在路过那个柜子会停一下，然后走开，第二天也照做。
Abstain,_,4,{PAWN_nameDef}把那几样瓶瓶罐罐搬到别人看得见的地方锁起来，接着换了一条夜里不经过那里的路线。
